id,modern,unicode,traditional_or_variants,traditional_unicode,variant_unicodes,pinyin,radical,stroke_count,source_work,source_note,brief_gloss,simple_annotation,common_words,xinhua_base_status,shape_status,meaning_status,phonology_status,review_status,review_tags,review_notes
001,天,U+5929,天,,,tian1,大,4,《新华字典》,现代义项含义参考《新华字典》释义体系整理；当前为项目改写摘要，非逐字原文。,天空|自然界|一天|季节或天气|某些人体部位称谓,天：现代主要用于表示天空；自然界；一天；季节或天气；某些人体部位称谓。常见用法如：天空、今天、天气、天命、天下。,天空|今天|天气|天命|天下,draft,draft,draft,draft,needs_review,historical_draft_review,已有历史层草稿或音韵草稿；需后续依据字形材料、古籍训诂和韵书资料复核。
002,地,U+5730,地,,,di4|de,土,6,《新华字典》,现代义项含义参考《新华字典》释义体系整理；当前为项目改写摘要，非逐字原文。,土地|地方|地位或处境|助词“地”,地：现代主要用于表示土地；地方；地位或处境；助词“地”。常见用法如：大地、地方、土地、地位、慢慢地。,大地|地方|土地|地位|慢慢地,draft,draft,draft,draft,needs_review,polyphonic|historical_draft_review,多音字：di4、de；需按义项和常用词复核读音排序。|已有历史层草稿或音韵草稿；需后续依据字形材料、古籍训诂和韵书资料复核。
003,日,U+65E5,日,,,ri4,日,4,《新华字典》,现代义项含义参考《新华字典》释义体系整理；当前为项目改写摘要，非逐字原文。,太阳|日子|白天|每天|日本简称,日：现代主要用于表示太阳；日子；白天；每天；日本简称。常见用法如：日光、今日、日子、日夜、日本。,日光|今日|日子|日夜|日本,draft,draft,draft,draft,needs_review,historical_draft_review,已有历史层草稿或音韵草稿；需后续依据字形材料、古籍训诂和韵书资料复核。
004,月,U+6708,月,,,yue4,月,4,《新华字典》,现代义项含义参考《新华字典》释义体系整理；当前为项目改写摘要，非逐字原文。,月亮|月份|按月发生或计算,月：现代主要用于表示月亮；月份；按月发生或计算。常见用法如：月光、月份、月亮、岁月、月刊。,月光|月份|月亮|岁月|月刊,draft,draft,draft,draft,needs_review,historical_draft_review,已有历史层草稿或音韵草稿；需后续依据字形材料、古籍训诂和韵书资料复核。
005,人,U+4EBA,人,,,ren2,人,2,《新华字典》,现代义项含义参考《新华字典》释义体系整理；当前为项目改写摘要，非逐字原文。,人类|别人|成年人|从事某种职业或具有某种身份的人,人：现代主要用于表示人类；别人；成年人；从事某种职业或具有某种身份的人。常见用法如：人民、人生、别人、工人、人才。,人民|人生|别人|工人|人才,draft,draft,draft,draft,needs_review,historical_draft_review,已有历史层草稿或音韵草稿；需后续依据字形材料、古籍训诂和韵书资料复核。
006,文,U+6587,文,,,wen2,文,4,《新华字典》,现代义项含义参考《新华字典》释义体系整理；当前为项目改写摘要，非逐字原文。,文字|文章|文化|文科|温和不粗野,文：现代主要用于表示文字；文章；文化；文科；温和不粗野。常见用法如：文字、文章、文化、文雅、文科。,文字|文章|文化|文雅|文科,draft,draft,draft,draft,needs_review,historical_draft_review,已有历史层草稿或音韵草稿；需后续依据字形材料、古籍训诂和韵书资料复核。
007,字,U+5B57,字,,,zi4,子,6,《新华字典》,现代义项含义参考《新华字典》释义体系整理；当前为项目改写摘要，非逐字原文。,文字记录单位|字音、字义、字形|字迹|表字或字号,字：现代主要用于表示文字记录单位；字音、字义、字形；字迹；表字或字号。常见用法如：汉字、写字、字典、字迹、名字。,汉字|写字|字典|字迹|名字,draft,draft,draft,draft,needs_review,historical_draft_review,已有历史层草稿或音韵草稿；需后续依据字形材料、古籍训诂和韵书资料复核。
008,道,U+9053,道,,,dao4,辶,12,《新华字典》,现代义项含义参考《新华字典》释义体系整理；当前为项目改写摘要，非逐字原文。,道路|方向或方法|道理|说|量词|道教相关称谓,道：现代主要用于表示道路；方向或方法；道理；说；量词；道教相关称谓。常见用法如：道路、道理、知道、说道、一道。,道路|道理|知道|说道|一道,draft,draft,draft,draft,needs_review,historical_draft_review,已有历史层草稿或音韵草稿；需后续依据字形材料、古籍训诂和韵书资料复核。
009,法,U+6CD5,法|灋,,灋:U+704B,fa3,氵,8,《新华字典》,现代义项含义参考《新华字典》释义体系整理；当前为项目改写摘要，非逐字原文。,法律|方法|标准或模范|效法|法国简称,法：现代主要用于表示法律；方法；标准或模范；效法；法国简称。常见用法如：法律、办法、方法、法官、合法。,法律|办法|方法|法官|合法,draft,draft,draft,draft,needs_review,variant_or_traditional|historical_draft_review,含繁体/异体：灋；需复核简繁对应、异体来源和义项是否完全合并。|已有历史层草稿或音韵草稿；需后续依据字形材料、古籍训诂和韵书资料复核。
010,国,U+56FD,國|或|囶|圀,U+570B,國:U+570B|或:U+6216|囶:U+56F6|圀:U+5700,guo2,囗,8,《新华字典》,现代义项含义参考《新华字典》释义体系整理；当前为项目改写摘要，非逐字原文。,国家|代表国家的|本国的|某些国家简称用字,国：现代主要用于表示国家；代表国家的；本国的；某些国家简称用字。常见用法如：国家、中国、国土、国民、国有。,国家|中国|国土|国民|国有,draft,draft,draft,draft,needs_review,variant_or_traditional|simplified_merge_or_multi_variant|historical_draft_review,含繁体/异体：國、或、囶、圀；需复核简繁对应、异体来源和义项是否完全合并。|简化合并或多异体入口：国 对应 國、或、囶、圀；历史层建议拆分来源线索。|已有历史层草稿或音韵草稿；需后续依据字形材料、古籍训诂和韵书资料复核。
011,官,U+5B98,官,,,guan1,宀,8,《新华字典》,现代义项含义参考《新华字典》释义体系整理；当前为项目改写摘要，非逐字原文。,官员|官职|官方的|器官、感官|旧指任官,官：现代主要用于表示官员；官职；官方的；器官、感官；旧指任官。常见用法如：官员、法官、官方、器官、五官。,官员|法官|官方|器官|五官,draft,draft,draft,draft,needs_review,historical_draft_review,已有历史层草稿或音韵草稿；需后续依据字形材料、古籍训诂和韵书资料复核。
012,民,U+6C11,民,,,min2,氏,5,《新华字典》,现代义项含义参考《新华字典》释义体系整理；当前为项目改写摘要，非逐字原文。,人民|某一民族的人|民间的|非军人、非官方的,民：现代主要用于表示人民；某一民族的人；民间的；非军人、非官方的。常见用法如：人民、民众、民族、民间、居民。,人民|民众|民族|民间|居民,draft,draft,draft,draft,needs_review,historical_draft_review,已有历史层草稿或音韵草稿；需后续依据字形材料、古籍训诂和韵书资料复核。
013,星,U+661F,星,,,xing1,日,9,《新华字典》,现代义项含义参考《新华字典》释义体系整理；当前为项目改写摘要，非逐字原文。,天体|细碎或零散的点|明星或杰出人物,星：现代主要用于表示天体；细碎或零散的点；明星或杰出人物。常见用法如：星星、星辰、星空、明星、零星。,星星|星辰|星空|明星|零星,draft,draft,draft,draft,needs_review,historical_draft_review,已有历史层草稿或音韵草稿；需后续依据字形材料、古籍训诂和韵书资料复核。
014,云,U+4E91,云|雲,U+96F2,雲:U+96F2,yun2,二,4,《新华字典》,现代义项含义参考《新华字典》释义体系整理；当前为项目改写摘要，非逐字原文。,云彩|像云一样的事物|云计算等新义,云：现代主要用于表示云彩；像云一样的事物；云计算等新义。常见用法如：云彩、白云、风云、云端、云计算。,云彩|白云|风云|云端|云计算,draft,draft,draft,draft,needs_review,variant_or_traditional|historical_draft_review,含繁体/异体：雲；需复核简繁对应、异体来源和义项是否完全合并。|已有历史层草稿或音韵草稿；需后续依据字形材料、古籍训诂和韵书资料复核。
015,雨,U+96E8,雨,,,yu3|yu4,雨,8,《新华字典》,现代义项含义参考《新华字典》释义体系整理；当前为项目改写摘要，非逐字原文。,雨水|下雨|像雨一样落下的事物,雨：现代主要用于表示雨水；下雨；像雨一样落下的事物。常见用法如：下雨、雨水、风雨、雨季、暴雨。,下雨|雨水|风雨|雨季|暴雨,draft,draft,draft,draft,needs_review,polyphonic|historical_draft_review,多音字：yu3、yu4；需按义项和常用词复核读音排序。|已有历史层草稿或音韵草稿；需后续依据字形材料、古籍训诂和韵书资料复核。
016,雷,U+96F7,雷,,,lei2,雨,13,《新华字典》,现代义项含义参考《新华字典》释义体系整理；当前为项目改写摘要，非逐字原文。,雷声|军事爆炸物|比喻突然或强烈的震动,雷：现代主要用于表示雷声；军事爆炸物；比喻突然或强烈的震动。常见用法如：雷声、打雷、雷雨、地雷、雷霆。,雷声|打雷|雷雨|地雷|雷霆,draft,draft,draft,draft,needs_review,historical_draft_review,已有历史层草稿或音韵草稿；需后续依据字形材料、古籍训诂和韵书资料复核。
017,风,U+98CE,風,U+98A8,風:U+98A8,feng1,风,4,《新华字典》,现代义项含义参考《新华字典》释义体系整理；当前为项目改写摘要，非逐字原文。,空气流动|风俗|风格|消息或传闻|景象,风：现代主要用于表示空气流动；风俗；风格；消息或传闻；景象。常见用法如：大风、风雨、风俗、风格、风景。,大风|风雨|风俗|风格|风景,draft,draft,draft,draft,needs_review,variant_or_traditional|historical_draft_review,含繁体/异体：風；需复核简繁对应、异体来源和义项是否完全合并。|已有历史层草稿或音韵草稿；需后续依据字形材料、古籍训诂和韵书资料复核。
018,山,U+5C71,山,,,shan1,山,3,《新华字典》,现代义项含义参考《新华字典》释义体系整理；当前为项目改写摘要，非逐字原文。,山岳|形状像山的东西|姓氏或地名构件,山：现代主要用于表示山岳；形状像山的东西；姓氏或地名构件。常见用法如：高山、山水、山地、山河、山峰。,高山|山水|山地|山河|山峰,draft,draft,draft,draft,needs_review,historical_draft_review,已有历史层草稿或音韵草稿；需后续依据字形材料、古籍训诂和韵书资料复核。
019,水,U+6C34,水,,,shui3,水,4,《新华字典》,现代义项含义参考《新华字典》释义体系整理；当前为项目改写摘要，非逐字原文。,水|河流湖海等水体|液体|某些费用或品质状态,水：现代主要用于表示水；河流湖海等水体；液体；某些费用或品质状态。常见用法如：水流、河水、水分、水平、水果。,水流|河水|水分|水平|水果,draft,draft,draft,draft,needs_review,historical_draft_review,已有历史层草稿或音韵草稿；需后续依据字形材料、古籍训诂和韵书资料复核。
020,川,U+5DDD,川,,,chuan1,巛,3,《新华字典》,现代义项含义参考《新华字典》释义体系整理；当前为项目改写摘要，非逐字原文。,河流|山间或平原中的水道|四川简称,川：现代主要用于表示河流；山间或平原中的水道；四川简称。常见用法如：山川、河川、川流、四川、川菜。,山川|河川|川流|四川|川菜,draft,draft,draft,draft,needs_review,historical_draft_review,已有历史层草稿或音韵草稿；需后续依据字形材料、古籍训诂和韵书资料复核。
021,石,U+77F3,石,,,shi2|dan4,石,5,《新华字典》,现代义项含义参考《新华字典》释义体系整理；当前为项目改写摘要，非逐字原文。,石头|石制品|矿物相关|容量单位,石：现代主要用于表示石头；石制品；矿物相关；容量单位。常见用法如：石头、石山、石器、宝石、一石粮。,石头|石山|石器|宝石|一石粮,draft,draft,draft,draft,needs_review,polyphonic|historical_draft_review,多音字：shi2、dan4；需按义项和常用词复核读音排序。|已有历史层草稿或音韵草稿；需后续依据字形材料、古籍训诂和韵书资料复核。
022,土,U+571F,土,,,tu3,土,3,《新华字典》,现代义项含义参考《新华字典》释义体系整理；当前为项目改写摘要，非逐字原文。,泥土|土地|本地的|不时髦或不洋气|五行之一,土：现代主要用于表示泥土；土地；本地的；不时髦或不洋气；五行之一。常见用法如：土地、土壤、乡土、土气、水土。,土地|土壤|乡土|土气|水土,draft,draft,draft,draft,needs_review,historical_draft_review,已有历史层草稿或音韵草稿；需后续依据字形材料、古籍训诂和韵书资料复核。
023,金,U+91D1,金,,,jin1,金,8,《新华字典》,现代义项含义参考《新华字典》释义体系整理；当前为项目改写摘要，非逐字原文。,金属|黄金|钱财|金色|五行之一,金：现代主要用于表示金属；黄金；钱财；金色；五行之一。常见用法如：金属、黄金、金钱、现金、金色。,金属|黄金|金钱|现金|金色,draft,draft,draft,draft,needs_review,historical_draft_review,已有历史层草稿或音韵草稿；需后续依据字形材料、古籍训诂和韵书资料复核。
024,木,U+6728,木,,,mu4,木,4,《新华字典》,现代义项含义参考《新华字典》释义体系整理；当前为项目改写摘要，非逐字原文。,树木|木材|木制的|感觉迟钝或呆板|五行之一,木：现代主要用于表示树木；木材；木制的；感觉迟钝或呆板；五行之一。常见用法如：树木、木头、木材、木工、麻木。,树木|木头|木材|木工|麻木,draft,draft,draft,draft,needs_review,historical_draft_review,已有历史层草稿或音韵草稿；需后续依据字形材料、古籍训诂和韵书资料复核。
025,火,U+706B,火,,,huo3,火,4,《新华字典》,现代义项含义参考《新华字典》释义体系整理；当前为项目改写摘要，非逐字原文。,火焰|燃烧|怒气|兴旺流行|火器或火灾,火：现代主要用于表示火焰；燃烧；怒气；兴旺流行；火器或火灾。常见用法如：火焰、大火、火气、火热、火车。,火焰|大火|火气|火热|火车,draft,draft,draft,draft,needs_review,historical_draft_review,已有历史层草稿或音韵草稿；需后续依据字形材料、古籍训诂和韵书资料复核。
026,气,U+6C14,气|氣,U+6C23,氣:U+6C23,qi4,气,4,《新华字典》,现代义项含义参考《新华字典》释义体系整理；当前为项目改写摘要，非逐字原文。,气体|呼吸|气候|精神状态|怒气,气：现代主要用于表示气体；呼吸；气候；精神状态；怒气。常见用法如：空气、气体、天气、生气、气质。,空气|气体|天气|生气|气质,draft,draft,draft,draft,needs_review,variant_or_traditional|historical_draft_review,含繁体/异体：氣；需复核简繁对应、异体来源和义项是否完全合并。|已有历史层草稿或音韵草稿；需后续依据字形材料、古籍训诂和韵书资料复核。
027,草,U+8349,草,,,cao3,艹,9,《新华字典》,现代义项含义参考《新华字典》释义体系整理；当前为项目改写摘要，非逐字原文。,草本植物|草地|草率|草稿|草书,草：现代主要用于表示草本植物；草地；草率；草稿；草书。常见用法如：青草、草地、草原、草稿、草书。,青草|草地|草原|草稿|草书,draft,draft,draft,draft,needs_review,historical_draft_review,已有历史层草稿或音韵草稿；需后续依据字形材料、古籍训诂和韵书资料复核。
028,花,U+82B1,花,,,hua1,艹,7,《新华字典》,现代义项含义参考《新华字典》释义体系整理；当前为项目改写摘要，非逐字原文。,花朵|有花纹的|耗费|模糊迷乱|样式或种类,花：现代主要用于表示花朵；有花纹的；耗费；模糊迷乱；样式或种类。常见用法如：花朵、开花、花纹、花钱、眼花。,花朵|开花|花纹|花钱|眼花,draft,draft,draft,draft,needs_review,historical_draft_review,已有历史层草稿或音韵草稿；需后续依据字形材料、古籍训诂和韵书资料复核。
029,生,U+751F,生,,,sheng1,生,5,《新华字典》,现代义项含义参考《新华字典》释义体系整理；当前为项目改写摘要，非逐字原文。,生长|出生|生命|产生|未熟或不熟悉,生：现代主要用于表示生长；出生；生命；产生；未熟或不熟悉。常见用法如：生命、出生、学生、生活、生长。,生命|出生|学生|生活|生长,draft,draft,draft,draft,needs_review,historical_draft_review,已有历史层草稿或音韵草稿；需后续依据字形材料、古籍训诂和韵书资料复核。
030,鸟,U+9E1F,鳥,U+9CE5,鳥:U+9CE5,niao3,鸟,5,《新华字典》,现代义项含义参考《新华字典》释义体系整理；当前为项目改写摘要，非逐字原文。,鸟类|飞禽|鸟部字义部件,鸟：现代主要用于表示鸟类；飞禽；鸟部字义部件。常见用法如：小鸟、鸟类、飞鸟、鸟鸣、候鸟。,小鸟|鸟类|飞鸟|鸟鸣|候鸟,draft,draft,draft,draft,needs_review,variant_or_traditional|historical_draft_review,含繁体/异体：鳥；需复核简繁对应、异体来源和义项是否完全合并。|已有历史层草稿或音韵草稿；需后续依据字形材料、古籍训诂和韵书资料复核。
031,兽,U+517D,獸,U+7378,獸:U+7378,shou4,丷,11,《新华字典》,现代义项含义参考《新华字典》释义体系整理；当前为项目改写摘要，非逐字原文。,兽类|野兽|比喻野蛮残暴,兽：现代主要用于表示兽类；野兽；比喻野蛮残暴。常见用法如：野兽、禽兽、猛兽、兽医、兽性。,野兽|禽兽|猛兽|兽医|兽性,draft,draft,draft,draft,needs_review,variant_or_traditional|historical_draft_review,含繁体/异体：獸；需复核简繁对应、异体来源和义项是否完全合并。|已有历史层草稿或音韵草稿；需后续依据字形材料、古籍训诂和韵书资料复核。
032,鱼,U+9C7C,魚,U+9B5A,魚:U+9B5A,yu2,鱼,8,《新华字典》,现代义项含义参考《新华字典》释义体系整理；当前为项目改写摘要，非逐字原文。,鱼类|鱼肉|形状像鱼的东西,鱼：现代主要用于表示鱼类；鱼肉；形状像鱼的东西。常见用法如：鱼类、鱼肉、金鱼、钓鱼、鱼塘。,鱼类|鱼肉|金鱼|钓鱼|鱼塘,draft,draft,draft,draft,needs_review,variant_or_traditional|historical_draft_review,含繁体/异体：魚；需复核简繁对应、异体来源和义项是否完全合并。|已有历史层草稿或音韵草稿；需后续依据字形材料、古籍训诂和韵书资料复核。
033,虫,U+866B,虫|蟲,U+87F2,蟲:U+87F2,chong2|hui3,虫,6,《新华字典》,现代义项含义参考《新华字典》释义体系整理；当前为项目改写摘要，非逐字原文。,昆虫|小动物|虫部构字部件,虫：现代主要用于表示昆虫；小动物；虫部构字部件。常见用法如：昆虫、虫子、害虫、毛虫、虫牙。,昆虫|虫子|害虫|毛虫|虫牙,draft,draft,draft,draft,needs_review,polyphonic|variant_or_traditional|historical_draft_review,多音字：chong2、hui3；需按义项和常用词复核读音排序。|含繁体/异体：蟲；需复核简繁对应、异体来源和义项是否完全合并。|已有历史层草稿或音韵草稿；需后续依据字形材料、古籍训诂和韵书资料复核。
034,牛,U+725B,牛,,,niu2,牛,4,《新华字典》,现代义项含义参考《新华字典》释义体系整理；当前为项目改写摘要，非逐字原文。,牛类|牛肉或牛皮相关|比喻厉害或固执,牛：现代主要用于表示牛类；牛肉或牛皮相关；比喻厉害或固执。常见用法如：黄牛、牛肉、牛奶、水牛、很牛。,黄牛|牛肉|牛奶|水牛|很牛,draft,draft,draft,draft,needs_review,historical_draft_review,已有历史层草稿或音韵草稿；需后续依据字形材料、古籍训诂和韵书资料复核。
035,羊,U+7F8A,羊,,,yang2,羊,6,《新华字典》,现代义项含义参考《新华字典》释义体系整理；当前为项目改写摘要，非逐字原文。,羊类|羊肉或羊毛相关|姓氏或部件,羊：现代主要用于表示羊类；羊肉或羊毛相关；姓氏或部件。常见用法如：山羊、绵羊、羊肉、羊毛、牧羊。,山羊|绵羊|羊肉|羊毛|牧羊,draft,draft,draft,draft,needs_review,historical_draft_review,已有历史层草稿或音韵草稿；需后续依据字形材料、古籍训诂和韵书资料复核。
036,马,U+9A6C,馬,U+99AC,馬:U+99AC,ma3,马,3,《新华字典》,现代义项含义参考《新华字典》释义体系整理；当前为项目改写摘要，非逐字原文。,马类|马匹|象棋棋子|姓氏或马部部件,马：现代主要用于表示马类；马匹；象棋棋子；姓氏或马部部件。常见用法如：马匹、马上、骑马、马车、马力。,马匹|马上|骑马|马车|马力,draft,draft,draft,draft,needs_review,variant_or_traditional|historical_draft_review,含繁体/异体：馬；需复核简繁对应、异体来源和义项是否完全合并。|已有历史层草稿或音韵草稿；需后续依据字形材料、古籍训诂和韵书资料复核。
037,犬,U+72AC,犬,,,quan3,犬,4,《新华字典》,现代义项含义参考《新华字典》释义体系整理；当前为项目改写摘要，非逐字原文。,狗|犬科动物|犬旁部件,犬：现代主要用于表示狗；犬科动物；犬旁部件。常见用法如：犬类、警犬、猎犬、犬牙、犬子。,犬类|警犬|猎犬|犬牙|犬子,draft,draft,draft,draft,needs_review,historical_draft_review,已有历史层草稿或音韵草稿；需后续依据字形材料、古籍训诂和韵书资料复核。
038,女,U+5973,女,,,nv3,女,3,《新华字典》,现代义项含义参考《新华字典》释义体系整理；当前为项目改写摘要，非逐字原文。,女性|女儿|女方或女性身份|女部字义部件,女：现代主要用于表示女性；女儿；女方或女性身份；女部字义部件。常见用法如：女人、女子、女儿、女性、女工。,女人|女子|女儿|女性|女工,draft,draft,draft,draft,needs_review,historical_draft_review,已有历史层草稿或音韵草稿；需后续依据字形材料、古籍训诂和韵书资料复核。
039,男,U+7537,男,,,nan2,田,7,《新华字典》,现代义项含义参考《新华字典》释义体系整理；当前为项目改写摘要，非逐字原文。,男性|男子|儿子|男性身份,男：现代主要用于表示男性；男子；儿子；男性身份。常见用法如：男人、男子、男孩、男性、男女。,男人|男子|男孩|男性|男女,draft,draft,draft,draft,needs_review,historical_draft_review,已有历史层草稿或音韵草稿；需后续依据字形材料、古籍训诂和韵书资料复核。
040,子,U+5B50,子,,,zi3|zi,子,3,《新华字典》,现代义项含义参考《新华字典》释义体系整理；当前为项目改写摘要，非逐字原文。,孩子或儿子|人或事物的称名后缀|种子或小而硬的东西|地支第一位,子：现代主要用于表示孩子或儿子；人或事物的称名后缀；种子或小而硬的东西；地支第一位。常见用法如：孩子、儿子、子女、孔子、种子。,孩子|儿子|子女|孔子|种子,draft,draft,draft,draft,needs_review,polyphonic|historical_draft_review,多音字：zi3、zi；需按义项和常用词复核读音排序。|已有历史层草稿或音韵草稿；需后续依据字形材料、古籍训诂和韵书资料复核。
041,老,U+8001,老,,,lao3,老,6,《新华字典》,现代义项含义参考《新华字典》释义体系整理；当前为项目改写摘要，非逐字原文。,年纪大|时间久|经验丰富或熟练|经常|排行或尊称前缀,老：现代主要用于表示年纪大；时间久；经验丰富或熟练；经常；排行或尊称前缀。常见用法如：老人、老师、老家、老练、老是。,老人|老师|老家|老练|老是,draft,draft,draft,draft,needs_review,historical_draft_review,已有历史层草稿或音韵草稿；需后续依据字形材料、古籍训诂和韵书资料复核。
042,幼,U+5E7C,幼,,,you4,幺,5,《新华字典》,现代义项含义参考《新华字典》释义体系整理；当前为项目改写摘要，非逐字原文。,年纪小|幼小|初级或未成熟,幼：现代主要用于表示年纪小；幼小；初级或未成熟。常见用法如：幼儿、幼小、幼年、幼稚、幼苗。,幼儿|幼小|幼年|幼稚|幼苗,draft,draft,draft,draft,needs_review,historical_draft_review,已有历史层草稿或音韵草稿；需后续依据字形材料、古籍训诂和韵书资料复核。
043,首,U+9996,首,,,shou3,首,9,《新华字典》,现代义项含义参考《新华字典》释义体系整理；当前为项目改写摘要，非逐字原文。,头|最先或第一|首领|开端|诗歌等量词,首：现代主要用于表示头；最先或第一；首领；开端；诗歌等量词。常见用法如：首都、首先、首领、首饰、一首诗。,首都|首先|首领|首饰|一首诗,draft,draft,draft,draft,needs_review,historical_draft_review,已有历史层草稿或音韵草稿；需后续依据字形材料、古籍训诂和韵书资料复核。
044,目,U+76EE,目,,,mu4,目,5,《新华字典》,现代义项含义参考《新华字典》释义体系整理；当前为项目改写摘要，非逐字原文。,眼睛|看|条目或目录|目标|名称类别,目：现代主要用于表示眼睛；看；条目或目录；目标；名称类别。常见用法如：目光、目的、目录、项目、耳目。,目光|目的|目录|项目|耳目,draft,draft,draft,draft,needs_review,historical_draft_review,已有历史层草稿或音韵草稿；需后续依据字形材料、古籍训诂和韵书资料复核。
045,耳,U+8033,耳,,,er3,耳,6,《新华字典》,现代义项含义参考《新华字典》释义体系整理；当前为项目改写摘要，非逐字原文。,耳朵|听闻|器物两侧的把手状部分|文言语气词,耳：现代主要用于表示耳朵；听闻；器物两侧的把手状部分；文言语气词。常见用法如：耳朵、耳目、耳机、木耳、悦耳。,耳朵|耳目|耳机|木耳|悦耳,draft,draft,draft,draft,needs_review,historical_draft_review,已有历史层草稿或音韵草稿；需后续依据字形材料、古籍训诂和韵书资料复核。
046,口,U+53E3,口,,,kou3,口,3,《新华字典》,现代义项含义参考《新华字典》释义体系整理；当前为项目改写摘要，非逐字原文。,嘴|出入口|人口|口头表达|器物开口,口：现代主要用于表示嘴；出入口；人口；口头表达；器物开口。常见用法如：口语、入口、人口、口才、开口。,口语|入口|人口|口才|开口,draft,draft,draft,draft,needs_review,historical_draft_review,已有历史层草稿或音韵草稿；需后续依据字形材料、古籍训诂和韵书资料复核。
047,鼻,U+9F3B,鼻,,,bi2,鼻,14,《新华字典》,现代义项含义参考《新华字典》释义体系整理；当前为项目改写摘要，非逐字原文。,鼻子|像鼻子的部分|嗅觉相关|鼻祖等起始义,鼻：现代主要用于表示鼻子；像鼻子的部分；嗅觉相关；鼻祖等起始义。常见用法如：鼻子、鼻孔、鼻音、鼻祖、鼻梁。,鼻子|鼻孔|鼻音|鼻祖|鼻梁,draft,draft,draft,draft,needs_review,historical_draft_review,已有历史层草稿或音韵草稿；需后续依据字形材料、古籍训诂和韵书资料复核。
048,手,U+624B,手,,,shou3,手,4,《新华字典》,现代义项含义参考《新华字典》释义体系整理；当前为项目改写摘要，非逐字原文。,手|亲自|技能或本领|从事某种工作的人|手段,手：现代主要用于表示手；亲自；技能或本领；从事某种工作的人；手段。常见用法如：手掌、双手、手机、高手、动手。,手掌|双手|手机|高手|动手,draft,draft,draft,draft,needs_review,historical_draft_review,已有历史层草稿或音韵草稿；需后续依据字形材料、古籍训诂和韵书资料复核。
049,才,U+624D,才|纔,,纔:U+7E94,cai2,扌,3,《新华字典》,现代义项含义参考《新华字典》释义体系整理；当前为项目改写摘要，非逐字原文。,才能|有才能的人|刚刚|只有或仅仅|表示条件才成立,才：现代主要用于表示才能；有才能的人；刚刚；只有或仅仅；表示条件才成立。常见用法如：才能、人才、刚才、才华、才干。,才能|人才|刚才|才华|才干,draft,draft,draft,draft,needs_review,variant_or_traditional|historical_draft_review,含繁体/异体：纔；需复核简繁对应、异体来源和义项是否完全合并。|已有历史层草稿或音韵草稿；需后续依据字形材料、古籍训诂和韵书资料复核。
050,足,U+8DB3,足,,,zu2,足,7,《新华字典》,现代义项含义参考《新华字典》释义体系整理；当前为项目改写摘要，非逐字原文。,脚|足够|值得|满足|足部构字部件,足：现代主要用于表示脚；足够；值得；满足；足部构字部件。常见用法如：手足、足球、足够、满足、不足。,手足|足球|足够|满足|不足,draft,draft,draft,draft,needs_review,historical_draft_review,已有历史层草稿或音韵草稿；需后续依据字形材料、古籍训诂和韵书资料复核。
051,心,U+5FC3,心,,,xin1,心,4,《新华字典》,现代义项含义参考《新华字典》释义体系整理；当前为项目改写摘要，非逐字原文。,心脏|思想感情|中心|心意|要点,心：现代主要用于表示心脏；思想感情；中心；心意；要点。常见用法如：心脏、心情、中心、用心、心理。,心脏|心情|中心|用心|心理,draft,draft,draft,draft,needs_review,historical_draft_review,已有历史层草稿或音韵草稿；需后续依据字形材料、古籍训诂和韵书资料复核。
052,身,U+8EAB,身,,,shen1,身,7,《新华字典》,现代义项含义参考《新华字典》释义体系整理；当前为项目改写摘要，非逐字原文。,身体|自己|亲自|身份|人的一生或生命,身：现代主要用于表示身体；自己；亲自；身份；人的一生或生命。常见用法如：身体、身上、身份、自身、亲身。,身体|身上|身份|自身|亲身,draft,draft,draft,draft,needs_review,historical_draft_review,已有历史层草稿或音韵草稿；需后续依据字形材料、古籍训诂和韵书资料复核。
053,骨,U+9AA8,骨,,,gu3|gu1,骨,9,《新华字典》,现代义项含义参考《新华字典》释义体系整理；当前为项目改写摘要，非逐字原文。,骨头|骨架|人的气概或品质|核心结构,骨：现代主要用于表示骨头；骨架；人的气概或品质；核心结构。常见用法如：骨头、骨骼、骨气、骨干、筋骨。,骨头|骨骼|骨气|骨干|筋骨,draft,draft,draft,draft,needs_review,polyphonic|historical_draft_review,多音字：gu3、gu1；需按义项和常用词复核读音排序。|已有历史层草稿或音韵草稿；需后续依据字形材料、古籍训诂和韵书资料复核。
054,血,U+8840,血,,,xue4|xie3,血,6,《新华字典》,现代义项含义参考《新华字典》释义体系整理；当前为项目改写摘要，非逐字原文。,血液|血统或血缘|牺牲伤亡|刚强热烈的气质,血：现代主要用于表示血液；血统或血缘；牺牲伤亡；刚强热烈的气质。常见用法如：血液、流血、血缘、热血、血统。,血液|流血|血缘|热血|血统,draft,draft,draft,draft,needs_review,polyphonic|historical_draft_review,多音字：xue4、xie3；需按义项和常用词复核读音排序。|已有历史层草稿或音韵草稿；需后续依据字形材料、古籍训诂和韵书资料复核。
055,王,U+738B,王,,,wang2|wang4,王,4,《新华字典》,现代义项含义参考《新华字典》释义体系整理；当前为项目改写摘要，非逐字原文。,君主|一类中居首者|称王或统治|姓氏,王：现代主要用于表示君主；一类中居首者；称王或统治；姓氏。常见用法如：王国、君王、王者、王后、称王。,王国|君王|王者|王后|称王,draft,draft,draft,draft,needs_review,polyphonic|historical_draft_review,多音字：wang2、wang4；需按义项和常用词复核读音排序。|已有历史层草稿或音韵草稿；需后续依据字形材料、古籍训诂和韵书资料复核。
056,臣,U+81E3,臣,,,chen2,臣,6,《新华字典》,现代义项含义参考《新华字典》释义体系整理；当前为项目改写摘要，非逐字原文。,臣子|君主时代的官吏|自谦称谓|使臣服,臣：现代主要用于表示臣子；君主时代的官吏；自谦称谓；使臣服。常见用法如：大臣、臣子、君臣、臣服、功臣。,大臣|臣子|君臣|臣服|功臣,draft,draft,draft,draft,needs_review,historical_draft_review,已有历史层草稿或音韵草稿；需后续依据字形材料、古籍训诂和韵书资料复核。
057,君,U+541B,君,,,jun1,口,7,《新华字典》,现代义项含义参考《新华字典》释义体系整理；当前为项目改写摘要，非逐字原文。,君主|尊称|对男子或朋友的称呼|姓氏,君：现代主要用于表示君主；尊称；对男子或朋友的称呼；姓氏。常见用法如：君主、国君、君子、诸君、君臣。,君主|国君|君子|诸君|君臣,draft,draft,draft,draft,needs_review,historical_draft_review,已有历史层草稿或音韵草稿；需后续依据字形材料、古籍训诂和韵书资料复核。
058,主,U+4E3B,主,,,zhu3,丶,5,《新华字典》,现代义项含义参考《新华字典》释义体系整理；当前为项目改写摘要，非逐字原文。,主人|主要|主持或掌管|主张|牌位或神主,主：现代主要用于表示主人；主要；主持或掌管；主张；牌位或神主。常见用法如：主人、主要、主席、主动、主张。,主人|主要|主席|主动|主张,draft,draft,draft,draft,needs_review,historical_draft_review,已有历史层草稿或音韵草稿；需后续依据字形材料、古籍训诂和韵书资料复核。
059,奴,U+5974,奴,,,nu2,女,5,《新华字典》,现代义项含义参考《新华字典》释义体系整理；当前为项目改写摘要，非逐字原文。,奴隶|奴仆|受压迫役使者|贬称,奴：现代主要用于表示奴隶；奴仆；受压迫役使者；贬称。常见用法如：奴隶、奴仆、奴才、家奴、奴役。,奴隶|奴仆|奴才|家奴|奴役,draft,draft,draft,draft,needs_review,historical_draft_review,已有历史层草稿或音韵草稿；需后续依据字形材料、古籍训诂和韵书资料复核。
060,父,U+7236,父,,,fu4|fu3,父,4,《新华字典》,现代义项含义参考《新华字典》释义体系整理；当前为项目改写摘要，非逐字原文。,父亲|男性长辈|某些尊称中的父,父：现代主要用于表示父亲；男性长辈；某些尊称中的父。常见用法如：父亲、父母、父子、祖父、父老。,父亲|父母|父子|祖父|父老,draft,draft,draft,draft,needs_review,polyphonic|historical_draft_review,多音字：fu4、fu3；需按义项和常用词复核读音排序。|已有历史层草稿或音韵草稿；需后续依据字形材料、古籍训诂和韵书资料复核。
061,母,U+6BCD,母,,,mu3,母,5,《新华字典》,现代义项含义参考《新华字典》释义体系整理；当前为项目改写摘要，非逐字原文。,母亲|雌性的|产生或养育事物的来源|母体,母：现代主要用于表示母亲；雌性的；产生或养育事物的来源；母体。常见用法如：母亲、父母、母子、母语、母校。,母亲|父母|母子|母语|母校,draft,draft,draft,draft,needs_review,historical_draft_review,已有历史层草稿或音韵草稿；需后续依据字形材料、古籍训诂和韵书资料复核。
062,兄,U+5144,兄,,,xiong1,儿,5,《新华字典》,现代义项含义参考《新华字典》释义体系整理；当前为项目改写摘要，非逐字原文。,哥哥|兄长|朋友间男性称谓,兄：现代主要用于表示哥哥；兄长；朋友间男性称谓。常见用法如：兄弟、兄长、兄妹、仁兄、师兄。,兄弟|兄长|兄妹|仁兄|师兄,draft,draft,draft,draft,needs_review,historical_draft_review,已有历史层草稿或音韵草稿；需后续依据字形材料、古籍训诂和韵书资料复核。
063,弟,U+5F1F,弟,,,di4,弓,7,《新华字典》,现代义项含义参考《新华字典》释义体系整理；当前为项目改写摘要，非逐字原文。,弟弟|同辈中年幼男子|门生或后辈|自谦称,弟：现代主要用于表示弟弟；同辈中年幼男子；门生或后辈；自谦称。常见用法如：弟弟、兄弟、子弟、师弟、弟子。,弟弟|兄弟|子弟|师弟|弟子,draft,draft,draft,draft,needs_review,historical_draft_review,已有历史层草稿或音韵草稿；需后续依据字形材料、古籍训诂和韵书资料复核。
064,祖,U+7956,祖,,,zu3,礻,9,《新华字典》,现代义项含义参考《新华字典》释义体系整理；当前为项目改写摘要，非逐字原文。,祖先|开创者|事业或学派源头|祖国相关构词,祖：现代主要用于表示祖先；开创者；事业或学派源头；祖国相关构词。常见用法如：祖先、祖父、祖宗、祖国、鼻祖。,祖先|祖父|祖宗|祖国|鼻祖,draft,draft,draft,draft,needs_review,historical_draft_review,已有历史层草稿或音韵草稿；需后续依据字形材料、古籍训诂和韵书资料复核。
065,宗,U+5B97,宗,,,zong1,宀,8,《新华字典》,现代义项含义参考《新华字典》释义体系整理；当前为项目改写摘要，非逐字原文。,祖宗|宗族|宗派|根本或主要|量词,宗：现代主要用于表示祖宗；宗族；宗派；根本或主要；量词。常见用法如：祖宗、宗族、宗教、宗旨、一宗案。,祖宗|宗族|宗教|宗旨|一宗案,draft,draft,draft,draft,needs_review,historical_draft_review,已有历史层草稿或音韵草稿；需后续依据字形材料、古籍训诂和韵书资料复核。
066,家,U+5BB6,家,,,jia1|jia|jie,宀,10,《新华字典》,现代义项含义参考《新华字典》释义体系整理；当前为项目改写摘要，非逐字原文。,家庭|住所|从事某种专门活动的人|学派|量词,家：现代主要用于表示家庭；住所；从事某种专门活动的人；学派；量词。常见用法如：家庭、国家、家人、专家、作家。,家庭|国家|家人|专家|作家,draft,draft,draft,draft,needs_review,polyphonic|historical_draft_review,多音字：jia1、jia、jie；需按义项和常用词复核读音排序。|已有历史层草稿或音韵草稿；需后续依据字形材料、古籍训诂和韵书资料复核。
067,族,U+65CF,族,,,zu2,方,11,《新华字典》,现代义项含义参考《新华字典》释义体系整理；当前为项目改写摘要，非逐字原文。,家族|民族|种类|有共同属性的人群,族：现代主要用于表示家族；民族；种类；有共同属性的人群。常见用法如：民族、家族、族人、种族、水族。,民族|家族|族人|种族|水族,draft,draft,draft,draft,needs_review,historical_draft_review,已有历史层草稿或音韵草稿；需后续依据字形材料、古籍训诂和韵书资料复核。
068,兵,U+5175,兵,,,bing1,八,7,《新华字典》,现代义项含义参考《新华字典》释义体系整理；当前为项目改写摘要，非逐字原文。,士兵|军队|兵器|军事或战争,兵：现代主要用于表示士兵；军队；兵器；军事或战争。常见用法如：士兵、兵器、兵法、兵力、当兵。,士兵|兵器|兵法|兵力|当兵,draft,draft,draft,draft,needs_review,historical_draft_review,已有历史层草稿或音韵草稿；需后续依据字形材料、古籍训诂和韵书资料复核。
069,戈,U+6208,戈,,,ge1,戈,4,《新华字典》,现代义项含义参考《新华字典》释义体系整理；当前为项目改写摘要，非逐字原文。,古代兵器|战争或武力象征|戈部字义部件,戈：现代主要用于表示古代兵器；战争或武力象征；戈部字义部件。常见用法如：干戈、戈壁、倒戈、挥戈、金戈铁马。,干戈|戈壁|倒戈|挥戈|金戈铁马,draft,draft,draft,draft,needs_review,historical_draft_review,已有历史层草稿或音韵草稿；需后续依据字形材料、古籍训诂和韵书资料复核。
070,武,U+6B66,武,,,wu3,止,8,《新华字典》,现代义项含义参考《新华字典》释义体系整理；当前为项目改写摘要，非逐字原文。,武力|军事|武艺|勇猛|与文相对的类别,武：现代主要用于表示武力；军事；武艺；勇猛；与文相对的类别。常见用法如：武力、武器、武术、文武、威武。,武力|武器|武术|文武|威武,draft,draft,draft,draft,needs_review,historical_draft_review,已有历史层草稿或音韵草稿；需后续依据字形材料、古籍训诂和韵书资料复核。
071,战,U+6218,戰,U+6230,戰:U+6230,zhan4,戈,9,《新华字典》,现代义项含义参考《新华字典》释义体系整理；当前为项目改写摘要，非逐字原文。,战争|战斗|比赛或斗争|发抖,战：现代主要用于表示战争；战斗；比赛或斗争；发抖。常见用法如：战争、战斗、战士、挑战、战栗。,战争|战斗|战士|挑战|战栗,draft,draft,draft,draft,needs_review,variant_or_traditional|historical_draft_review,含繁体/异体：戰；需复核简繁对应、异体来源和义项是否完全合并。|已有历史层草稿或音韵草稿；需后续依据字形材料、古籍训诂和韵书资料复核。
072,邦,U+90A6,邦,,,bang1,阝,6,《新华字典》,现代义项含义参考《新华字典》释义体系整理；当前为项目改写摘要，非逐字原文。,国家|国土|国与国之间的关系,邦：现代主要用于表示国家；国土；国与国之间的关系。常见用法如：邦国、联邦、邦交、邻邦、安邦。,邦国|联邦|邦交|邻邦|安邦,draft,draft,draft,draft,needs_review,historical_draft_review,已有历史层草稿或音韵草稿；需后续依据字形材料、古籍训诂和韵书资料复核。
073,邑,U+9091,邑,,,yi4,邑,7,《新华字典》,现代义项含义参考《新华字典》释义体系整理；当前为项目改写摘要，非逐字原文。,城镇|古代封地或县邑|邑部字义部件,邑：现代主要用于表示城镇；古代封地或县邑；邑部字义部件。常见用法如：城邑、都邑、采邑、邑人、食邑。,城邑|都邑|采邑|邑人|食邑,draft,draft,draft,draft,needs_review,historical_draft_review,已有历史层草稿或音韵草稿；需后续依据字形材料、古籍训诂和韵书资料复核。
074,行,U+884C,行,,,xing2|hang2|hang4|heng2,行,6,《新华字典》,现代义项含义参考《新华字典》释义体系整理；当前为项目改写摘要，非逐字原文。,走或行动|实行|行业|行列|可以或能干,行：现代主要用于表示走或行动；实行；行业；行列；可以或能干。常见用法如：行动、行走、银行、行业、不行。,行动|行走|银行|行业|不行,draft,draft,draft,draft,needs_review,polyphonic|historical_draft_review,多音字：xing2、hang2、hang4、heng2；需按义项和常用词复核读音排序。|已有历史层草稿或音韵草稿；需后续依据字形材料、古籍训诂和韵书资料复核。
075,走,U+8D70,走,,,zou3,走,7,《新华字典》,现代义项含义参考《新华字典》释义体系整理；当前为项目改写摘要，非逐字原文。,行走|离开|移动或运行|经过某路线|趋向变化,走：现代主要用于表示行走；离开；移动或运行；经过某路线；趋向变化。常见用法如：走路、走开、走动、行走、出走。,走路|走开|走动|行走|出走,draft,draft,draft,draft,needs_review,historical_draft_review,已有历史层草稿或音韵草稿；需后续依据字形材料、古籍训诂和韵书资料复核。
076,跑,U+8DD1,跑,,,pao3|pao2,足,12,《新华字典》,现代义项含义参考《新华字典》释义体系整理；当前为项目改写摘要，非逐字原文。,奔跑|逃离|为某事奔走|物体漏出或偏离,跑：现代主要用于表示奔跑；逃离；为某事奔走；物体漏出或偏离。常见用法如：跑步、奔跑、逃跑、跑腿、跑题。,跑步|奔跑|逃跑|跑腿|跑题,draft,draft,draft,draft,needs_review,polyphonic|historical_draft_review,多音字：pao3、pao2；需按义项和常用词复核读音排序。|已有历史层草稿或音韵草稿；需后续依据字形材料、古籍训诂和韵书资料复核。
077,飞,U+98DE,飛,U+98DB,飛:U+98DB,fei1,飞,3,《新华字典》,现代义项含义参考《新华字典》释义体系整理；当前为项目改写摘要，非逐字原文。,飞行|快速移动|飘扬|传播|意外或凭空,飞：现代主要用于表示飞行；快速移动；飘扬；传播；意外或凭空。常见用法如：飞翔、飞机、飞快、飞扬、飞来横祸。,飞翔|飞机|飞快|飞扬|飞来横祸,draft,draft,draft,draft,needs_review,variant_or_traditional|historical_draft_review,含繁体/异体：飛；需复核简繁对应、异体来源和义项是否完全合并。|已有历史层草稿或音韵草稿；需后续依据字形材料、古籍训诂和韵书资料复核。
078,止,U+6B62,止,,,zhi3,止,4,《新华字典》,现代义项含义参考《新华字典》释义体系整理；当前为项目改写摘要，非逐字原文。,停止|阻止|截止|仅仅或只,止：现代主要用于表示停止；阻止；截止；仅仅或只。常见用法如：停止、禁止、止步、为止、不止。,停止|禁止|止步|为止|不止,draft,draft,draft,draft,needs_review,historical_draft_review,已有历史层草稿或音韵草稿；需后续依据字形材料、古籍训诂和韵书资料复核。
079,立,U+7ACB,立,,,li4,立,5,《新华字典》,现代义项含义参考《新华字典》释义体系整理；当前为项目改写摘要，非逐字原文。,站立|竖起|建立|成立|立刻,立：现代主要用于表示站立；竖起；建立；成立；立刻。常见用法如：站立、成立、立场、立即、建立。,站立|成立|立场|立即|建立,draft,draft,draft,draft,needs_review,historical_draft_review,已有历史层草稿或音韵草稿；需后续依据字形材料、古籍训诂和韵书资料复核。
080,坐,U+5750,坐,,,zuo4,土,7,《新华字典》,现代义项含义参考《新华字典》释义体系整理；当前为项目改写摘要，非逐字原文。,坐下|乘坐|建筑物位置|因某事而获罪或受牵连|不劳动而享有,坐：现代主要用于表示坐下；乘坐；建筑物位置；因某事而获罪或受牵连；不劳动而享有。常见用法如：坐下、坐车、坐落、坐牢、坐享其成。,坐下|坐车|坐落|坐牢|坐享其成,draft,draft,draft,draft,needs_review,historical_draft_review,已有历史层草稿或音韵草稿；需后续依据字形材料、古籍训诂和韵书资料复核。
081,卧,U+5367,臥,U+81E5,臥:U+81E5,wo4,卜,8,《新华字典》,现代义项含义参考《新华字典》释义体系整理；当前为项目改写摘要，非逐字原文。,躺下|睡觉|横放|潜伏|卧室相关,卧：现代主要用于表示躺下；睡觉；横放；潜伏；卧室相关。常见用法如：卧室、卧倒、卧病、卧铺、卧底。,卧室|卧倒|卧病|卧铺|卧底,draft,draft,draft,draft,needs_review,variant_or_traditional|historical_draft_review,含繁体/异体：臥；需复核简繁对应、异体来源和义项是否完全合并。|已有历史层草稿或音韵草稿；需后续依据字形材料、古籍训诂和韵书资料复核。
082,视,U+89C6,視,U+8996,視:U+8996,shi4,见,8,《新华字典》,现代义项含义参考《新华字典》释义体系整理；当前为项目改写摘要，非逐字原文。,看|看待|考察|比照|视觉相关,视：现代主要用于表示看；看待；考察；比照；视觉相关。常见用法如：视觉、视力、重视、视察、电视。,视觉|视力|重视|视察|电视,draft,draft,draft,draft,needs_review,variant_or_traditional|historical_draft_review,含繁体/异体：視；需复核简繁对应、异体来源和义项是否完全合并。|已有历史层草稿或音韵草稿；需后续依据字形材料、古籍训诂和韵书资料复核。
083,听,U+542C,聽,U+807D,聽:U+807D,ting1,口,7,《新华字典》,现代义项含义参考《新华字典》释义体系整理；当前为项目改写摘要，非逐字原文。,听见|听从|听任|审理或裁断|听觉活动,听：现代主要用于表示听见；听从；听任；审理或裁断；听觉活动。常见用法如：听见、听话、听从、听力、听证。,听见|听话|听从|听力|听证,draft,draft,draft,draft,needs_review,variant_or_traditional|historical_draft_review,含繁体/异体：聽；需复核简繁对应、异体来源和义项是否完全合并。|已有历史层草稿或音韵草稿；需后续依据字形材料、古籍训诂和韵书资料复核。
084,言,U+8A00,言,,,yan2,言,7,《新华字典》,现代义项含义参考《新华字典》释义体系整理；当前为项目改写摘要，非逐字原文。,说话|话语|字句|言论|言部构字部件,言：现代主要用于表示说话；话语；字句；言论；言部构字部件。常见用法如：语言、言语、发言、名言、言论。,语言|言语|发言|名言|言论,draft,draft,draft,draft,needs_review,historical_draft_review,已有历史层草稿或音韵草稿；需后续依据字形材料、古籍训诂和韵书资料复核。
085,语,U+8BED,語,U+8A9E,語:U+8A9E,yu3|yu4,讠,9,《新华字典》,现代义项含义参考《新华字典》释义体系整理；当前为项目改写摘要，非逐字原文。,话|语言|说|语句或语法单位,语：现代主要用于表示话；语言；说；语句或语法单位。常见用法如：语言、语文、语气、外语、语法。,语言|语文|语气|外语|语法,draft,draft,draft,draft,needs_review,polyphonic|variant_or_traditional|historical_draft_review,多音字：yu3、yu4；需按义项和常用词复核读音排序。|含繁体/异体：語；需复核简繁对应、异体来源和义项是否完全合并。|已有历史层草稿或音韵草稿；需后续依据字形材料、古籍训诂和韵书资料复核。
086,作,U+4F5C,作,,,zuo4|zuo1,亻,7,《新华字典》,现代义项含义参考《新华字典》释义体系整理；当前为项目改写摘要，非逐字原文。,做|创作|当作|发作|装作,作：现代主要用于表示做；创作；当作；发作；装作。常见用法如：工作、作文、作为、创作、作业。,工作|作文|作为|创作|作业,draft,draft,draft,draft,needs_review,polyphonic|historical_draft_review,多音字：zuo4、zuo1；需按义项和常用词复核读音排序。|已有历史层草稿或音韵草稿；需后续依据字形材料、古籍训诂和韵书资料复核。
087,用,U+7528,用,,,yong4,用,5,《新华字典》,现代义项含义参考《新华字典》释义体系整理；当前为项目改写摘要，非逐字原文。,使用|功用|费用|需要|任用或采用,用：现代主要用于表示使用；功用；费用；需要；任用或采用。常见用法如：使用、作用、费用、用户、不用。,使用|作用|费用|用户|不用,draft,draft,draft,draft,needs_review,historical_draft_review,已有历史层草稿或音韵草稿；需后续依据字形材料、古籍训诂和韵书资料复核。
088,吃,U+5403,吃|喫,,喫:U+55AB,chi1|ji2,口,6,《新华字典》,现代义项含义参考《新华字典》释义体系整理；当前为项目改写摘要，非逐字原文。,进食|吸收或消耗|承受|依靠某物生活|受骗或受损,吃：现代主要用于表示进食；吸收或消耗；承受；依靠某物生活；受骗或受损。常见用法如：吃饭、吃苦、吃亏、吃力、吃水。,吃饭|吃苦|吃亏|吃力|吃水,draft,draft,draft,draft,needs_review,polyphonic|variant_or_traditional|historical_draft_review,多音字：chi1、ji2；需按义项和常用词复核读音排序。|含繁体/异体：喫；需复核简繁对应、异体来源和义项是否完全合并。|已有历史层草稿或音韵草稿；需后续依据字形材料、古籍训诂和韵书资料复核。
089,拿,U+62FF,拿|拏,,拏:U+62CF,na2,手,10,《新华字典》,现代义项含义参考《新华字典》释义体系整理；当前为项目改写摘要，非逐字原文。,用手取|抓捕|掌握|用某种方式对待|刁难,拿：现代主要用于表示用手取；抓捕；掌握；用某种方式对待；刁难。常见用法如：拿走、拿来、捉拿、拿手、拿主意。,拿走|拿来|捉拿|拿手|拿主意,draft,draft,draft,draft,needs_review,variant_or_traditional|historical_draft_review,含繁体/异体：拏；需复核简繁对应、异体来源和义项是否完全合并。|已有历史层草稿或音韵草稿；需后续依据字形材料、古籍训诂和韵书资料复核。
090,放,U+653E,放,,,fang4,攵,8,《新华字典》,现代义项含义参考《新华字典》释义体系整理；当前为项目改写摘要，非逐字原文。,放置|释放|发出|开放|放任,放：现代主要用于表示放置；释放；发出；开放；放任。常见用法如：放下、释放、开放、放学、放心。,放下|释放|开放|放学|放心,draft,draft,draft,draft,needs_review,historical_draft_review,已有历史层草稿或音韵草稿；需后续依据字形材料、古籍训诂和韵书资料复核。
091,宫,U+5BAB,宮,U+5BAE,宮:U+5BAE,gong1,宀,9,《新华字典》,现代义项含义参考《新华字典》释义体系整理；当前为项目改写摘要，非逐字原文。,宫殿|宫廷|庙宇或文化建筑|身体腔室|五音之一,宫：现代主要用于表示宫殿；宫廷；庙宇或文化建筑；身体腔室；五音之一。常见用法如：宫殿、故宫、宫廷、子宫、宫商。,宫殿|故宫|宫廷|子宫|宫商,draft,draft,draft,draft,needs_review,variant_or_traditional|historical_draft_review,含繁体/异体：宮；需复核简繁对应、异体来源和义项是否完全合并。|已有历史层草稿或音韵草稿；需后续依据字形材料、古籍训诂和韵书资料复核。
092,室,U+5BA4,室,,,shi4,宀,9,《新华字典》,现代义项含义参考《新华字典》释义体系整理；当前为项目改写摘要，非逐字原文。,房间|机关学校等内部单位|家或妻室|墓室等封闭空间,室：现代主要用于表示房间；机关学校等内部单位；家或妻室；墓室等封闭空间。常见用法如：教室、室内、办公室、卧室、家室。,教室|室内|办公室|卧室|家室,draft,draft,draft,draft,needs_review,historical_draft_review,已有历史层草稿或音韵草稿；需后续依据字形材料、古籍训诂和韵书资料复核。
093,宅,U+5B85,宅,,,zhai2,宀,6,《新华字典》,现代义项含义参考《新华字典》释义体系整理；当前为项目改写摘要，非逐字原文。,住宅|居住|家宅|长期待在家中的状态,宅：现代主要用于表示住宅；居住；家宅；长期待在家中的状态。常见用法如：住宅、宅院、家宅、宅基地、宅男。,住宅|宅院|家宅|宅基地|宅男,draft,draft,draft,draft,needs_review,historical_draft_review,已有历史层草稿或音韵草稿；需后续依据字形材料、古籍训诂和韵书资料复核。
094,户,U+6237,戶|户,U+6236,戶:U+6236,hu4,户,4,《新华字典》,现代义项含义参考《新华字典》释义体系整理；当前为项目改写摘要，非逐字原文。,门|住户|家庭单位|账户|门第,户：现代主要用于表示门；住户；家庭单位；账户；门第。常见用法如：门户、住户、户口、账户、千家万户。,门户|住户|户口|账户|千家万户,draft,draft,draft,draft,needs_review,variant_or_traditional|historical_draft_review,含繁体/异体：戶；需复核简繁对应、异体来源和义项是否完全合并。|已有历史层草稿或音韵草稿；需后续依据字形材料、古籍训诂和韵书资料复核。
095,门,U+95E8,門,U+9580,門:U+9580,men2,门,3,《新华字典》,现代义项含义参考《新华字典》释义体系整理；当前为项目改写摘要，非逐字原文。,门|出入口|种类|门派或学派|途径,门：现代主要用于表示门；出入口；种类；门派或学派；途径。常见用法如：大门、门口、部门、门类、门路。,大门|门口|部门|门类|门路,draft,draft,draft,draft,needs_review,variant_or_traditional|historical_draft_review,含繁体/异体：門；需复核简繁对应、异体来源和义项是否完全合并。|已有历史层草稿或音韵草稿；需后续依据字形材料、古籍训诂和韵书资料复核。
096,车,U+8F66,車,U+8ECA,車:U+8ECA,che1|ju1,车,4,《新华字典》,现代义项含义参考《新华字典》释义体系整理；当前为项目改写摘要，非逐字原文。,车辆|机器部件或车床|象棋棋子|用车加工,车：现代主要用于表示车辆；机器部件或车床；象棋棋子；用车加工。常见用法如：汽车、火车、车轮、车站、车床。,汽车|火车|车轮|车站|车床,draft,draft,draft,draft,needs_review,polyphonic|variant_or_traditional|historical_draft_review,多音字：che1、ju1；需按义项和常用词复核读音排序。|含繁体/异体：車；需复核简繁对应、异体来源和义项是否完全合并。|已有历史层草稿或音韵草稿；需后续依据字形材料、古籍训诂和韵书资料复核。
097,舟,U+821F,舟,,,zhou1,舟,6,《新华字典》,现代义项含义参考《新华字典》释义体系整理；当前为项目改写摘要，非逐字原文。,船|水上交通工具|舟部字义部件,舟：现代主要用于表示船；水上交通工具；舟部字义部件。常见用法如：小舟、舟船、龙舟、轻舟、刻舟求剑。,小舟|舟船|龙舟|轻舟|刻舟求剑,draft,draft,draft,draft,needs_review,historical_draft_review,已有历史层草稿或音韵草稿；需后续依据字形材料、古籍训诂和韵书资料复核。
098,器,U+5668,器,,,qi4,口,16,《新华字典》,现代义项含义参考《新华字典》释义体系整理；当前为项目改写摘要，非逐字原文。,器具|器械|器官|人的才能或度量|重视,器：现代主要用于表示器具；器械；器官；人的才能或度量；重视。常见用法如：机器、器官、武器、乐器、器重。,机器|器官|武器|乐器|器重,draft,draft,draft,draft,needs_review,historical_draft_review,已有历史层草稿或音韵草稿；需后续依据字形材料、古籍训诂和韵书资料复核。
099,皿,U+76BF,皿,,,min3,皿,5,《新华字典》,现代义项含义参考《新华字典》释义体系整理；当前为项目改写摘要，非逐字原文。,器皿|容器|皿部字义部件,皿：现代主要用于表示器皿；容器；皿部字义部件。常见用法如：器皿、皿器、皿部。,器皿|皿器|皿部,draft,draft,draft,draft,needs_review,historical_draft_review,已有历史层草稿或音韵草稿；需后续依据字形材料、古籍训诂和韵书资料复核。
100,刀,U+5200,刀,,,dao1,刀,2,《新华字典》,现代义项含义参考《新华字典》释义体系整理；当前为项目改写摘要，非逐字原文。,刀具|兵器|刀形工具|量词|刀部字义部件,刀：现代主要用于表示刀具；兵器；刀形工具；量词；刀部字义部件。常见用法如：小刀、菜刀、刀剑、刀片、一刀纸。,小刀|菜刀|刀剑|刀片|一刀纸,draft,draft,draft,draft,needs_review,historical_draft_review,已有历史层草稿或音韵草稿；需后续依据字形材料、古籍训诂和韵书资料复核。
101,弓,U+5F13,弓,,,gong1,弓,3,《新华字典》,现代义项含义参考《新华字典》释义体系整理；当前为项目改写摘要，非逐字原文。,弓|弓形物|弯曲|弓部字义部件,弓：现代主要用于表示弓；弓形物；弯曲；弓部字义部件。常见用法如：弓箭、弯弓、弓形、弹弓、弓背。,弓箭|弯弓|弓形|弹弓|弓背,draft,draft,draft,draft,needs_review,historical_draft_review,已有历史层草稿或音韵草稿；需后续依据字形材料、古籍训诂和韵书资料复核。
102,衣,U+8863,衣,,,yi1|yi4,衣,6,《新华字典》,现代义项含义参考《新华字典》释义体系整理；当前为项目改写摘要，非逐字原文。,衣服|穿衣|覆盖物|衣部字义部件,衣：现代主要用于表示衣服；穿衣；覆盖物；衣部字义部件。常见用法如：衣服、上衣、衣食、穿衣、雨衣。,衣服|上衣|衣食|穿衣|雨衣,draft,draft,draft,draft,needs_review,polyphonic|historical_draft_review,多音字：yi1、yi4；需按义项和常用词复核读音排序。|已有历史层草稿或音韵草稿；需后续依据字形材料、古籍训诂和韵书资料复核。
103,食,U+98DF,食,,,shi2|si4|yi4,食,9,《新华字典》,现代义项含义参考《新华字典》释义体系整理；当前为项目改写摘要，非逐字原文。,食物|吃|供养|食粮|天体被遮蔽,食：现代主要用于表示食物；吃；供养；食粮；天体被遮蔽。常见用法如：食物、食品、饮食、粮食、日食。,食物|食品|饮食|粮食|日食,draft,draft,draft,draft,needs_review,polyphonic|historical_draft_review,多音字：shi2、si4、yi4；需按义项和常用词复核读音排序。|已有历史层草稿或音韵草稿；需后续依据字形材料、古籍训诂和韵书资料复核。
104,井,U+4E95,井,,,jing3,二,4,《新华字典》,现代义项含义参考《新华字典》释义体系整理；当前为项目改写摘要，非逐字原文。,水井|井状物|整齐|矿井等深洞,井：现代主要用于表示水井；井状物；整齐；矿井等深洞。常见用法如：水井、井口、矿井、井然、井田。,水井|井口|矿井|井然|井田,draft,draft,draft,draft,needs_review,historical_draft_review,已有历史层草稿或音韵草稿；需后续依据字形材料、古籍训诂和韵书资料复核。
105,床,U+5E8A,床|牀,,牀:U+7240,chuang2,广,7,《新华字典》,现代义项含义参考《新华字典》释义体系整理；当前为项目改写摘要，非逐字原文。,睡床|床位|器物底架|像床一样的承托面,床：现代主要用于表示睡床；床位；器物底架；像床一样的承托面。常见用法如：床铺、起床、病床、河床、机床。,床铺|起床|病床|河床|机床,draft,draft,draft,draft,needs_review,variant_or_traditional|historical_draft_review,含繁体/异体：牀；需复核简繁对应、异体来源和义项是否完全合并。|已有历史层草稿或音韵草稿；需后续依据字形材料、古籍训诂和韵书资料复核。
106,鼎,U+9F0E,鼎,,,ding3,鼎,12,《新华字典》,现代义项含义参考《新华字典》释义体系整理；当前为项目改写摘要，非逐字原文。,古代礼器或炊器|重大或显赫|鼎立|鼎盛,鼎：现代主要用于表示古代礼器或炊器；重大或显赫；鼎立；鼎盛。常见用法如：鼎盛、问鼎、鼎立、大名鼎鼎、钟鼎。,鼎盛|问鼎|鼎立|大名鼎鼎|钟鼎,draft,draft,draft,draft,needs_review,historical_draft_review,已有历史层草稿或音韵草稿；需后续依据字形材料、古籍训诂和韵书资料复核。
107,网,U+7F51,网|網,U+7DB2,網:U+7DB2,wang3,网,6,《新华字典》,现代义项含义参考《新华字典》释义体系整理；当前为项目改写摘要，非逐字原文。,网具|网状结构|捕捉或笼罩|网络|互联网,网：现代主要用于表示网具；网状结构；捕捉或笼罩；网络；互联网。常见用法如：渔网、网络、上网、网球、法网。,渔网|网络|上网|网球|法网,draft,draft,draft,draft,needs_review,variant_or_traditional|historical_draft_review,含繁体/异体：網；需复核简繁对应、异体来源和义项是否完全合并。|已有历史层草稿或音韵草稿；需后续依据字形材料、古籍训诂和韵书资料复核。
108,一,U+4E00,一,,,yi1,一,1,《新华字典》,现代义项含义参考《新华字典》释义体系整理；当前为项目改写摘要，非逐字原文。,数字一|同一|统一|全或满|表示动作短暂,一：现代主要用于表示数字一；同一；统一；全或满；表示动作短暂。常见用法如：一个、一起、统一、一定、一会儿。,一个|一起|统一|一定|一会儿,draft,draft,draft,draft,needs_review,historical_draft_review,已有历史层草稿或音韵草稿；需后续依据字形材料、古籍训诂和韵书资料复核。
109,二,U+4E8C,二,,,er4,二,2,《新华字典》,现代义项含义参考《新华字典》释义体系整理；当前为项目改写摘要，非逐字原文。,数字二|第二|两样或不一致|不专一,二：现代主要用于表示数字二；第二；两样或不一致；不专一。常见用法如：二人、第二、二月、二心、二手。,二人|第二|二月|二心|二手,draft,draft,draft,draft,needs_review,historical_draft_review,已有历史层草稿或音韵草稿；需后续依据字形材料、古籍训诂和韵书资料复核。
110,三,U+4E09,三,,,san1,一,3,《新华字典》,现代义项含义参考《新华字典》释义体系整理；当前为项目改写摘要，非逐字原文。,数字三|第三|多次或多数虚指,三：现代主要用于表示数字三；第三；多次或多数虚指。常见用法如：三个、三月、第三、再三、三思。,三个|三月|第三|再三|三思,draft,draft,draft,draft,needs_review,historical_draft_review,已有历史层草稿或音韵草稿；需后续依据字形材料、古籍训诂和韵书资料复核。
111,十,U+5341,十,,,shi2,十,2,《新华字典》,现代义项含义参考《新华字典》释义体系整理；当前为项目改写摘要，非逐字原文。,数字十|十分或很|完整或全,十：现代主要用于表示数字十；十分或很；完整或全。常见用法如：十个、十分、十足、十全十美、十月。,十个|十分|十足|十全十美|十月,draft,draft,draft,draft,needs_review,historical_draft_review,已有历史层草稿或音韵草稿；需后续依据字形材料、古籍训诂和韵书资料复核。
112,百,U+767E,百,,,bai3,白,6,《新华字典》,现代义项含义参考《新华字典》释义体系整理；当前为项目改写摘要，非逐字原文。,数字一百|许多|百分比|各种,百：现代主要用于表示数字一百；许多；百分比；各种。常见用法如：一百、百姓、百分、百货、百年。,一百|百姓|百分|百货|百年,draft,draft,draft,draft,needs_review,historical_draft_review,已有历史层草稿或音韵草稿；需后续依据字形材料、古籍训诂和韵书资料复核。
113,千,U+5343,千,,,qian1,十,3,《新华字典》,现代义项含义参考《新华字典》释义体系整理；当前为项目改写摘要，非逐字原文。,数字一千|很多|极多或反复,千：现代主要用于表示数字一千；很多；极多或反复。常见用法如：一千、千万、千古、千里、千方百计。,一千|千万|千古|千里|千方百计,draft,draft,draft,draft,needs_review,historical_draft_review,已有历史层草稿或音韵草稿；需后续依据字形材料、古籍训诂和韵书资料复核。
114,万,U+4E07,万|萬,U+842C,萬:U+842C,wan4|mo4,一,3,《新华字典》,现代义项含义参考《新华字典》释义体系整理；当前为项目改写摘要，非逐字原文。,数字一万|极多|完全或绝对|姓氏,万：现代主要用于表示数字一万；极多；完全或绝对；姓氏。常见用法如：一万、万物、万一、千万、万能。,一万|万物|万一|千万|万能,draft,draft,draft,draft,needs_review,polyphonic|variant_or_traditional|historical_draft_review,多音字：wan4、mo4；需按义项和常用词复核读音排序。|含繁体/异体：萬；需复核简繁对应、异体来源和义项是否完全合并。|已有历史层草稿或音韵草稿；需后续依据字形材料、古籍训诂和韵书资料复核。
115,大,U+5927,大,,,da4|dai4,大,3,《新华字典》,现代义项含义参考《新华字典》释义体系整理；当前为项目改写摘要，非逐字原文。,大|程度深|年长|重要|排行第一,大：现代主要用于表示大；程度深；年长；重要；排行第一。常见用法如：大小、大人、大学、大约、大哥。,大小|大人|大学|大约|大哥,draft,draft,draft,draft,needs_review,polyphonic|historical_draft_review,多音字：da4、dai4；需按义项和常用词复核读音排序。|已有历史层草稿或音韵草稿；需后续依据字形材料、古籍训诂和韵书资料复核。
116,小,U+5C0F,小,,,xiao3,小,3,《新华字典》,现代义项含义参考《新华字典》释义体系整理；当前为项目改写摘要，非逐字原文。,小|年幼|少或轻微|地位低|谦称或亲昵称呼,小：现代主要用于表示小；年幼；少或轻微；地位低；谦称或亲昵称呼。常见用法如：大小、小孩、小心、小说、小事。,大小|小孩|小心|小说|小事,draft,draft,draft,draft,needs_review,historical_draft_review,已有历史层草稿或音韵草稿；需后续依据字形材料、古籍训诂和韵书资料复核。
117,长,U+957F,長,U+9577,長:U+9577,chang2|zhang3,长,4,《新华字典》,现代义项含义参考《新华字典》释义体系整理；当前为项目改写摘要，非逐字原文。,长度大|时间久|擅长|生长|年长或首领,长：现代主要用于表示长度大；时间久；擅长；生长；年长或首领。常见用法如：长短、长久、成长、长官、擅长。,长短|长久|成长|长官|擅长,draft,draft,draft,draft,needs_review,polyphonic|variant_or_traditional|historical_draft_review,多音字：chang2、zhang3；需按义项和常用词复核读音排序。|含繁体/异体：長；需复核简繁对应、异体来源和义项是否完全合并。|已有历史层草稿或音韵草稿；需后续依据字形材料、古籍训诂和韵书资料复核。
118,短,U+77ED,短,,,duan3,矢,12,《新华字典》,现代义项含义参考《新华字典》释义体系整理；当前为项目改写摘要，非逐字原文。,长度小|时间少|缺点|亏欠或不足,短：现代主要用于表示长度小；时间少；缺点；亏欠或不足。常见用法如：长短、短处、短期、短缺、短见。,长短|短处|短期|短缺|短见,draft,draft,draft,draft,needs_review,historical_draft_review,已有历史层草稿或音韵草稿；需后续依据字形材料、古籍训诂和韵书资料复核。
119,高,U+9AD8,高,,,gao1,高,10,《新华字典》,现代义项含义参考《新华字典》释义体系整理；当前为项目改写摘要，非逐字原文。,高度大|等级高|程度高|高明|敬辞,高：现代主要用于表示高度大；等级高；程度高；高明；敬辞。常见用法如：高山、高低、高兴、高级、高明。,高山|高低|高兴|高级|高明,draft,draft,draft,draft,needs_review,historical_draft_review,已有历史层草稿或音韵草稿；需后续依据字形材料、古籍训诂和韵书资料复核。
120,低,U+4F4E,低,,,di1,亻,7,《新华字典》,现代义项含义参考《新华字典》释义体系整理；当前为项目改写摘要，非逐字原文。,高度小|等级低|程度小|声音低|俯下,低：现代主要用于表示高度小；等级低；程度小；声音低；俯下。常见用法如：高低、低头、降低、低级、低声。,高低|低头|降低|低级|低声,draft,draft,draft,draft,needs_review,historical_draft_review,已有历史层草稿或音韵草稿；需后续依据字形材料、古籍训诂和韵书资料复核。
121,阴,U+9634,陰,U+9670,陰:U+9670,yin1,阝,6,《新华字典》,现代义项含义参考《新华字典》释义体系整理；当前为项目改写摘要，非逐字原文。,阴暗|云雨天气|阴性|隐秘|阴阳之阴,阴：现代主要用于表示阴暗；云雨天气；阴性；隐秘；阴阳之阴。常见用法如：阴天、阴阳、阴影、阴性、阴谋。,阴天|阴阳|阴影|阴性|阴谋,draft,draft,draft,draft,needs_review,variant_or_traditional|historical_draft_review,含繁体/异体：陰；需复核简繁对应、异体来源和义项是否完全合并。|已有历史层草稿或音韵草稿；需后续依据字形材料、古籍训诂和韵书资料复核。
122,阳,U+9633,陽,U+967D,陽:U+967D,yang2,阝,6,《新华字典》,现代义项含义参考《新华字典》释义体系整理；当前为项目改写摘要，非逐字原文。,阳光|太阳|阳性|外露|阴阳之阳,阳：现代主要用于表示阳光；太阳；阳性；外露；阴阳之阳。常见用法如：太阳、阳光、阴阳、阳性、向阳。,太阳|阳光|阴阳|阳性|向阳,draft,draft,draft,draft,needs_review,variant_or_traditional|historical_draft_review,含繁体/异体：陽；需复核简繁对应、异体来源和义项是否完全合并。|已有历史层草稿或音韵草稿；需后续依据字形材料、古籍训诂和韵书资料复核。
123,自,U+81EA,自,,,zi4,自,6,《新华字典》,现代义项含义参考《新华字典》释义体系整理；当前为项目改写摘要，非逐字原文。,自己|亲自|自然|从或由|起始来源,自：现代主要用于表示自己；亲自；自然；从或由；起始来源。常见用法如：自己、自然、自从、自动、自信。,自己|自然|自从|自动|自信,draft,draft,draft,draft,needs_review,historical_draft_review,已有历史层草稿或音韵草稿；需后续依据字形材料、古籍训诂和韵书资料复核。
124,至,U+81F3,至,,,zhi4,至,6,《新华字典》,现代义项含义参考《新华字典》释义体系整理；当前为项目改写摘要，非逐字原文。,到|达到极点|最|至于|甚至,至：现代主要用于表示到；达到极点；最；至于；甚至。常见用法如：至今、到至、甚至、至于、至高。,至今|到至|甚至|至于|至高,draft,draft,draft,draft,needs_review,historical_draft_review,已有历史层草稿或音韵草稿；需后续依据字形材料、古籍训诂和韵书资料复核。
125,上,U+4E0A,上,,,shang4|shang3,一,3,《新华字典》,现代义项含义参考《新华字典》释义体系整理；当前为项目改写摘要，非逐字原文。,上方|等级高|前一|到某处去|进行或添加,上：现代主要用于表示上方；等级高；前一；到某处去；进行或添加。常见用法如：上面、上午、上级、上学、上一年。,上面|上午|上级|上学|上一年,draft,draft,draft,draft,needs_review,polyphonic|historical_draft_review,多音字：shang4、shang3；需按义项和常用词复核读音排序。|已有历史层草稿或音韵草稿；需后续依据字形材料、古籍训诂和韵书资料复核。
126,下,U+4E0B,下,,,xia4,一,3,《新华字典》,现代义项含义参考《新华字典》释义体系整理；当前为项目改写摘要，非逐字原文。,下方|等级低|后一个|向下移动|结束或离开,下：现代主要用于表示下方；等级低；后一个；向下移动；结束或离开。常见用法如：下面、下午、下级、下雨、下班。,下面|下午|下级|下雨|下班,draft,draft,draft,draft,needs_review,historical_draft_review,已有历史层草稿或音韵草稿；需后续依据字形材料、古籍训诂和韵书资料复核。
127,前,U+524D,前,,,qian2,刂,9,《新华字典》,现代义项含义参考《新华字典》释义体系整理；当前为项目改写摘要，非逐字原文。,前方|以前|次序在先|向前,前：现代主要用于表示前方；以前；次序在先；向前。常见用法如：前面、以前、前进、前后、日前。,前面|以前|前进|前后|日前,draft,draft,draft,draft,needs_review,historical_draft_review,已有历史层草稿或音韵草稿；需后续依据字形材料、古籍训诂和韵书资料复核。
128,后,U+540E,后|後,U+5F8C,後:U+5F8C,hou4,口,6,《新华字典》,现代义项含义参考《新华字典》释义体系整理；当前为项目改写摘要，非逐字原文。,后面|以后|次序在后|王后或皇后,后：现代主要用于表示后面；以后；次序在后；王后或皇后。常见用法如：后来、后面、以后、皇后、前后。,后来|后面|以后|皇后|前后,draft,draft,draft,draft,needs_review,variant_or_traditional|historical_draft_review,含繁体/异体：後；需复核简繁对应、异体来源和义项是否完全合并。|已有历史层草稿或音韵草稿；需后续依据字形材料、古籍训诂和韵书资料复核。
129,左,U+5DE6,左,,,zuo3,工,5,《新华字典》,现代义项含义参考《新华字典》释义体系整理；当前为项目改写摘要，非逐字原文。,左方|左手|偏差或不正|政治左派,左：现代主要用于表示左方；左手；偏差或不正；政治左派。常见用法如：左右、左手、左边、左派、左证。,左右|左手|左边|左派|左证,draft,draft,draft,draft,needs_review,historical_draft_review,已有历史层草稿或音韵草稿；需后续依据字形材料、古籍训诂和韵书资料复核。
130,右,U+53F3,右,,,you4,口,5,《新华字典》,现代义项含义参考《新华字典》释义体系整理；当前为项目改写摘要，非逐字原文。,右方|右手|帮助或保佑|政治右派,右：现代主要用于表示右方；右手；帮助或保佑；政治右派。常见用法如：左右、右手、右边、右派、座右铭。,左右|右手|右边|右派|座右铭,draft,draft,draft,draft,needs_review,historical_draft_review,已有历史层草稿或音韵草稿；需后续依据字形材料、古籍训诂和韵书资料复核。
131,年,U+5E74,年,,,nian2,干,6,《新华字典》,现代义项含义参考《新华字典》释义体系整理；当前为项目改写摘要，非逐字原文。,一年|年份|年龄|岁月|春节或年节,年：现代主要用于表示一年；年份；年龄；岁月；春节或年节。常见用法如：今年、年龄、过年、年纪、年成。,今年|年龄|过年|年纪|年成,draft,draft,draft,draft,needs_review,historical_draft_review,已有历史层草稿或音韵草稿；需后续依据字形材料、古籍训诂和韵书资料复核。
132,时,U+65F6,時|时,U+6642,時:U+6642,shi2,日,7,《新华字典》,现代义项含义参考《新华字典》释义体系整理；当前为项目改写摘要，非逐字原文。,时间|时刻|时机|时代|时常,时：现代主要用于表示时间；时刻；时机；时代；时常。常见用法如：时间、时候、时代、时机、小时。,时间|时候|时代|时机|小时,draft,draft,draft,draft,needs_review,variant_or_traditional|historical_draft_review,含繁体/异体：時；需复核简繁对应、异体来源和义项是否完全合并。|已有历史层草稿或音韵草稿；需后续依据字形材料、古籍训诂和韵书资料复核。
133,朝,U+671D,朝,,,chao2|zhao1,月,12,《新华字典》,现代义项含义参考《新华字典》释义体系整理；当前为项目改写摘要，非逐字原文。,早晨|朝见或朝廷|朝代|向着,朝：现代主要用于表示早晨；朝见或朝廷；朝代；向着。常见用法如：朝阳、朝廷、朝代、朝向、今朝。,朝阳|朝廷|朝代|朝向|今朝,draft,draft,draft,draft,needs_review,polyphonic|historical_draft_review,多音字：chao2、zhao1；需按义项和常用词复核读音排序。|已有历史层草稿或音韵草稿；需后续依据字形材料、古籍训诂和韵书资料复核。
134,夕,U+5915,夕,,,xi1,夕,3,《新华字典》,现代义项含义参考《新华字典》释义体系整理；当前为项目改写摘要，非逐字原文。,傍晚|夜晚|某一日的前夜,夕：现代主要用于表示傍晚；夜晚；某一日的前夜。常见用法如：夕阳、朝夕、前夕、除夕、七夕。,夕阳|朝夕|前夕|除夕|七夕,draft,draft,draft,draft,needs_review,historical_draft_review,已有历史层草稿或音韵草稿；需后续依据字形材料、古籍训诂和韵书资料复核。
135,夜,U+591C,夜,,,ye4,夕,8,《新华字典》,现代义项含义参考《新华字典》释义体系整理；当前为项目改写摘要，非逐字原文。,夜晚|夜间|黑暗时段|与昼相对的时间,夜：现代主要用于表示夜晚；夜间；黑暗时段；与昼相对的时间。常见用法如：夜晚、黑夜、夜间、半夜、昼夜。,夜晚|黑夜|夜间|半夜|昼夜,draft,draft,draft,draft,needs_review,historical_draft_review,已有历史层草稿或音韵草稿；需后续依据字形材料、古籍训诂和韵书资料复核。
136,春,U+6625,春|萅,,萅:U+8405,chun1,日,9,《新华字典》,现代义项含义参考《新华字典》释义体系整理；当前为项目改写摘要，非逐字原文。,春季|青春|生机|男女情欲相关义,春：现代主要用于表示春季；青春；生机；男女情欲相关义。常见用法如：春天、春节、青春、春风、春色。,春天|春节|青春|春风|春色,draft,draft,draft,draft,needs_review,variant_or_traditional|historical_draft_review,含繁体/异体：萅；需复核简繁对应、异体来源和义项是否完全合并。|已有历史层草稿或音韵草稿；需后续依据字形材料、古籍训诂和韵书资料复核。
137,夏,U+590F,夏,,,xia4,夂,10,《新华字典》,现代义项含义参考《新华字典》释义体系整理；当前为项目改写摘要，非逐字原文。,夏季|中国古代朝代名|华夏相关,夏：现代主要用于表示夏季；中国古代朝代名；华夏相关。常见用法如：夏天、夏季、华夏、夏朝、盛夏。,夏天|夏季|华夏|夏朝|盛夏,draft,draft,draft,draft,needs_review,historical_draft_review,已有历史层草稿或音韵草稿；需后续依据字形材料、古籍训诂和韵书资料复核。
138,秋,U+79CB,秋|秌,,秌:U+79CC,qiu1,禾,9,《新华字典》,现代义项含义参考《新华字典》释义体系整理；当前为项目改写摘要，非逐字原文。,秋季|收获季节|一年或岁月|某种关键时刻,秋：现代主要用于表示秋季；收获季节；一年或岁月；某种关键时刻。常见用法如：秋天、秋季、中秋、春秋、千秋。,秋天|秋季|中秋|春秋|千秋,draft,draft,draft,draft,needs_review,variant_or_traditional|historical_draft_review,含繁体/异体：秌；需复核简繁对应、异体来源和义项是否完全合并。|已有历史层草稿或音韵草稿；需后续依据字形材料、古籍训诂和韵书资料复核。
139,冬,U+51AC,冬,,,dong1,夂,5,《新华字典》,现代义项含义参考《新华字典》释义体系整理；当前为项目改写摘要，非逐字原文。,冬季|寒冷时节|一年末季,冬：现代主要用于表示冬季；寒冷时节；一年末季。常见用法如：冬天、冬季、寒冬、冬眠、冬至。,冬天|冬季|寒冬|冬眠|冬至,draft,draft,draft,draft,needs_review,historical_draft_review,已有历史层草稿或音韵草稿；需后续依据字形材料、古籍训诂和韵书资料复核。
140,早,U+65E9,早,,,zao3,日,6,《新华字典》,现代义项含义参考《新华字典》释义体系整理；当前为项目改写摘要，非逐字原文。,早晨|时间在前|提前|早已,早：现代主要用于表示早晨；时间在前；提前；早已。常见用法如：早上、早晨、早饭、早已、提早。,早上|早晨|早饭|早已|提早,draft,draft,draft,draft,needs_review,historical_draft_review,已有历史层草稿或音韵草稿；需后续依据字形材料、古籍训诂和韵书资料复核。
141,晚,U+665A,晚|晩,,晩:U+6669,wan3,日,11,《新华字典》,现代义项含义参考《新华字典》释义体系整理；当前为项目改写摘要，非逐字原文。,晚上|时间迟|后来的|晚年,晚：现代主要用于表示晚上；时间迟；后来的；晚年。常见用法如：晚上、晚饭、晚年、迟晚、晚辈。,晚上|晚饭|晚年|迟晚|晚辈,draft,draft,draft,draft,needs_review,variant_or_traditional|historical_draft_review,含繁体/异体：晩；需复核简繁对应、异体来源和义项是否完全合并。|已有历史层草稿或音韵草稿；需后续依据字形材料、古籍训诂和韵书资料复核。
142,昼,U+663C,晝,U+665D,晝:U+665D,zhou4,日,9,《新华字典》,现代义项含义参考《新华字典》释义体系整理；当前为项目改写摘要，非逐字原文。,白天|与夜相对的时段,昼：现代主要用于表示白天；与夜相对的时段。常见用法如：白昼、昼夜、昼伏夜出、昼间。,白昼|昼夜|昼伏夜出|昼间,draft,draft,draft,draft,needs_review,variant_or_traditional|historical_draft_review,含繁体/异体：晝；需复核简繁对应、异体来源和义项是否完全合并。|已有历史层草稿或音韵草稿；需后续依据字形材料、古籍训诂和韵书资料复核。
143,今,U+4ECA,今,,,jin1,人,4,《新华字典》,现代义项含义参考《新华字典》释义体系整理；当前为项目改写摘要，非逐字原文。,现在|今天|现代|此后,今：现代主要用于表示现在；今天；现代；此后。常见用法如：今天、如今、今年、今后、古今。,今天|如今|今年|今后|古今,draft,draft,draft,draft,needs_review,historical_draft_review,已有历史层草稿或音韵草稿；需后续依据字形材料、古籍训诂和韵书资料复核。
144,古,U+53E4,古,,,gu3,口,5,《新华字典》,现代义项含义参考《新华字典》释义体系整理；当前为项目改写摘要，非逐字原文。,古代|古老|古朴|古怪,古：现代主要用于表示古代；古老；古朴；古怪。常见用法如：古代、古人、古今、古老、古怪。,古代|古人|古今|古老|古怪,draft,draft,draft,draft,needs_review,historical_draft_review,已有历史层草稿或音韵草稿；需后续依据字形材料、古籍训诂和韵书资料复核。
145,来,U+6765,來,U+4F86,來:U+4F86,lai2,木,7,《新华字典》,现代义项含义参考《新华字典》释义体系整理；当前为项目改写摘要，非逐字原文。,来到|未来|以来|趋向说话者|用作助词,来：现代主要用于表示来到；未来；以来；趋向说话者；用作助词。常见用法如：回来、未来、以来、来往、看来。,回来|未来|以来|来往|看来,draft,draft,draft,draft,needs_review,variant_or_traditional|historical_draft_review,含繁体/异体：來；需复核简繁对应、异体来源和义项是否完全合并。|已有历史层草稿或音韵草稿；需后续依据字形材料、古籍训诂和韵书资料复核。
146,去,U+53BB,去,,,qu4,厶,5,《新华字典》,现代义项含义参考《新华字典》释义体系整理；当前为项目改写摘要，非逐字原文。,离开|前往|除掉|过去|距离,去：现代主要用于表示离开；前往；除掉；过去；距离。常见用法如：出去、去年、去掉、过去、去处。,出去|去年|去掉|过去|去处,draft,draft,draft,draft,needs_review,historical_draft_review,已有历史层草稿或音韵草稿；需后续依据字形材料、古籍训诂和韵书资料复核。
147,始,U+59CB,始,,,shi3,女,8,《新华字典》,现代义项含义参考《新华字典》释义体系整理；当前为项目改写摘要，非逐字原文。,开始|最初|才|始祖或源头,始：现代主要用于表示开始；最初；才；始祖或源头。常见用法如：开始、始终、原始、始祖、初始。,开始|始终|原始|始祖|初始,draft,draft,draft,draft,needs_review,historical_draft_review,已有历史层草稿或音韵草稿；需后续依据字形材料、古籍训诂和韵书资料复核。
148,终,U+7EC8,終,U+7D42,終:U+7D42,zhong1,纟,8,《新华字典》,现代义项含义参考《新华字典》释义体系整理；当前为项目改写摘要，非逐字原文。,结束|最后|始终|终身|到底,终：现代主要用于表示结束；最后；始终；终身；到底。常见用法如：终于、始终、终点、最终、终身。,终于|始终|终点|最终|终身,draft,draft,draft,draft,needs_review,variant_or_traditional|historical_draft_review,含繁体/异体：終；需复核简繁对应、异体来源和义项是否完全合并。|已有历史层草稿或音韵草稿；需后续依据字形材料、古籍训诂和韵书资料复核。
149,有,U+6709,有,,,you3,月,6,《新华字典》,现代义项含义参考《新华字典》释义体系整理；当前为项目改写摘要，非逐字原文。,存在|拥有|具有|发生|表示估量或不确定,有：现代主要用于表示存在；拥有；具有；发生；表示估量或不确定。常见用法如：有无、拥有、有用、有时、有些。,有无|拥有|有用|有时|有些,draft,draft,draft,draft,needs_review,historical_draft_review,已有历史层草稿或音韵草稿；需后续依据字形材料、古籍训诂和韵书资料复核。
150,无,U+65E0,无|無,U+7121,無:U+7121,wu2|mo2,无,4,《新华字典》,现代义项含义参考《新华字典》释义体系整理；当前为项目改写摘要，非逐字原文。,没有|不存在|不|无论|未,无：现代主要用于表示没有；不存在；不；无论；未。常见用法如：有无、无论、无法、无知、无数。,有无|无论|无法|无知|无数,draft,draft,draft,draft,needs_review,polyphonic|variant_or_traditional|historical_draft_review,多音字：wu2、mo2；需按义项和常用词复核读音排序。|含繁体/异体：無；需复核简繁对应、异体来源和义项是否完全合并。|已有历史层草稿或音韵草稿；需后续依据字形材料、古籍训诂和韵书资料复核。
151,是,U+662F,是,,,shi4,日,9,《新华字典》,现代义项含义参考《新华字典》释义体系整理；当前为项目改写摘要，非逐字原文。,判断词|正确|这或此|表示肯定,是：现代主要用于表示判断词；正确；这或此；表示肯定。常见用法如：是非、是否、于是、正是、可是。,是非|是否|于是|正是|可是,draft,draft,draft,draft,needs_review,historical_draft_review,已有历史层草稿或音韵草稿；需后续依据字形材料、古籍训诂和韵书资料复核。
152,非,U+975E,非,,,fei1,非,8,《新华字典》,现代义项含义参考《新华字典》释义体系整理；当前为项目改写摘要，非逐字原文。,不是|错误|责备|不合于|非常或必须,非：现代主要用于表示不是；错误；责备；不合于；非常或必须。常见用法如：是非、非常、非法、非要、非洲。,是非|非常|非法|非要|非洲,draft,draft,draft,draft,needs_review,historical_draft_review,已有历史层草稿或音韵草稿；需后续依据字形材料、古籍训诂和韵书资料复核。
153,不,U+4E0D,不,,,bu4|fou3,一,4,《新华字典》,现代义项含义参考《新华字典》释义体系整理；当前为项目改写摘要，非逐字原文。,否定副词|表示拒绝或相反|用于构成疑问或反问,不：现代主要用于表示否定副词；表示拒绝或相反；用于构成疑问或反问。常见用法如：不是、不用、不行、不但、不然。,不是|不用|不行|不但|不然,draft,draft,draft,draft,needs_review,polyphonic|historical_draft_review,多音字：bu4、fou3；需按义项和常用词复核读音排序。|已有历史层草稿或音韵草稿；需后续依据字形材料、古籍训诂和韵书资料复核。
154,可,U+53EF,可,,,ke3|ke4,口,5,《新华字典》,现代义项含义参考《新华字典》释义体系整理；当前为项目改写摘要，非逐字原文。,可以|许可|值得|适合|表示约略或转折,可：现代主要用于表示可以；许可；值得；适合；表示约略或转折。常见用法如：可以、可是、可爱、可靠、可见。,可以|可是|可爱|可靠|可见,draft,draft,draft,draft,needs_review,polyphonic|historical_draft_review,多音字：ke3、ke4；需按义项和常用词复核读音排序。|已有历史层草稿或音韵草稿；需后续依据字形材料、古籍训诂和韵书资料复核。
155,能,U+80FD,能,,,neng2|nai2,月,10,《新华字典》,现代义项含义参考《新华字典》释义体系整理；当前为项目改写摘要，非逐字原文。,能够|能力|能量|擅长|胜任,能：现代主要用于表示能够；能力；能量；擅长；胜任。常见用法如：能力、能够、能量、才能、不能。,能力|能够|能量|才能|不能,draft,draft,draft,draft,needs_review,polyphonic|historical_draft_review,多音字：neng2、nai2；需按义项和常用词复核读音排序。|已有历史层草稿或音韵草稿；需后续依据字形材料、古籍训诂和韵书资料复核。
156,好,U+597D,好,,,hao3|hao4,女,6,《新华字典》,现代义项含义参考《新华字典》释义体系整理；当前为项目改写摘要，非逐字原文。,优良|使人满意|喜爱|容易|表示完成或应允,好：现代主要用于表示优良；使人满意；喜爱；容易；表示完成或应允。常见用法如：好坏、很好、爱好、好学、做好。,好坏|很好|爱好|好学|做好,draft,draft,draft,draft,needs_review,polyphonic|historical_draft_review,多音字：hao3、hao4；需按义项和常用词复核读音排序。|已有历史层草稿或音韵草稿；需后续依据字形材料、古籍训诂和韵书资料复核。
157,坏,U+574F,壞|坏,U+58DE,壞:U+58DE,huai4|pi1,土,7,《新华字典》,现代义项含义参考《新华字典》释义体系整理；当前为项目改写摘要，非逐字原文。,不好|损坏|败坏|恶劣|使坏,坏：现代主要用于表示不好；损坏；败坏；恶劣；使坏。常见用法如：好坏、坏人、损坏、坏事、破坏。,好坏|坏人|损坏|坏事|破坏,draft,draft,draft,draft,needs_review,polyphonic|variant_or_traditional|historical_draft_review,多音字：huai4、pi1；需按义项和常用词复核读音排序。|含繁体/异体：壞；需复核简繁对应、异体来源和义项是否完全合并。|已有历史层草稿或音韵草稿；需后续依据字形材料、古籍训诂和韵书资料复核。
158,善,U+5584,善,,,shan4,口,12,《新华字典》,现代义项含义参考《新华字典》释义体系整理；当前为项目改写摘要，非逐字原文。,善良|好|擅长|友好|妥善,善：现代主要用于表示善良；好；擅长；友好；妥善。常见用法如：善良、善恶、完善、善于、友善。,善良|善恶|完善|善于|友善,draft,draft,draft,draft,needs_review,historical_draft_review,已有历史层草稿或音韵草稿；需后续依据字形材料、古籍训诂和韵书资料复核。
159,恶,U+6076,惡|恶,U+60E1,惡:U+60E1,e4|wu4|e3|wu1,心,10,《新华字典》,现代义项含义参考《新华字典》释义体系整理；当前为项目改写摘要，非逐字原文。,坏或凶恶|罪恶|厌恶|恶心|疑问感叹用法,恶：现代主要用于表示坏或凶恶；罪恶；厌恶；恶心；疑问感叹用法。常见用法如：善恶、恶人、厌恶、恶心、可恶。,善恶|恶人|厌恶|恶心|可恶,draft,draft,draft,draft,needs_review,polyphonic|variant_or_traditional|historical_draft_review,多音字：e4、wu4、e3、wu1；需按义项和常用词复核读音排序。|含繁体/异体：惡；需复核简繁对应、异体来源和义项是否完全合并。|已有历史层草稿或音韵草稿；需后续依据字形材料、古籍训诂和韵书资料复核。
160,美,U+7F8E,美,,,mei3,羊,9,《新华字典》,现代义项含义参考《新华字典》释义体系整理；当前为项目改写摘要，非逐字原文。,美丽|美好|令人满意|赞美|美国或美洲简称,美：现代主要用于表示美丽；美好；令人满意；赞美；美国或美洲简称。常见用法如：美丽、美好、审美、赞美、美国。,美丽|美好|审美|赞美|美国,draft,draft,draft,draft,needs_review,historical_draft_review,已有历史层草稿或音韵草稿；需后续依据字形材料、古籍训诂和韵书资料复核。
161,丑,U+4E11,丑|醜,U+919C,醜:U+919C,chou3,一,4,《新华字典》,现代义项含义参考《新华字典》释义体系整理；当前为项目改写摘要，非逐字原文。,丑陋|地支第二位|羞耻|戏曲角色,丑：现代主要用于表示丑陋；地支第二位；羞耻；戏曲角色。常见用法如：美丑、丑陋、小丑、丑时、出丑。,美丑|丑陋|小丑|丑时|出丑,draft,draft,draft,draft,needs_review,variant_or_traditional|historical_draft_review,含繁体/异体：醜；需复核简繁对应、异体来源和义项是否完全合并。|已有历史层草稿或音韵草稿；需后续依据字形材料、古籍训诂和韵书资料复核。
162,真,U+771F,真,,,zhen1,目,10,《新华字典》,现代义项含义参考《新华字典》释义体系整理；当前为项目改写摘要，非逐字原文。,真实|确实|真诚|清楚|本质,真：现代主要用于表示真实；确实；真诚；清楚；本质。常见用法如：真假、真实、认真、真心、真正。,真假|真实|认真|真心|真正,draft,draft,draft,draft,needs_review,historical_draft_review,已有历史层草稿或音韵草稿；需后续依据字形材料、古籍训诂和韵书资料复核。
163,假,U+5047,假,,,jia3|jia4,亻,11,《新华字典》,现代义项含义参考《新华字典》释义体系整理；当前为项目改写摘要，非逐字原文。,不真实|借用|假设|暂时|休假,假：现代主要用于表示不真实；借用；假设；暂时；休假。常见用法如：真假、假如、假期、假借、虚假。,真假|假如|假期|假借|虚假,draft,draft,draft,draft,needs_review,polyphonic|historical_draft_review,多音字：jia3、jia4；需按义项和常用词复核读音排序。|已有历史层草稿或音韵草稿；需后续依据字形材料、古籍训诂和韵书资料复核。
164,新,U+65B0,新,,,xin1,斤,13,《新华字典》,现代义项含义参考《新华字典》释义体系整理；当前为项目改写摘要，非逐字原文。,新的|新近|更新|新鲜|刚出现,新：现代主要用于表示新的；新近；更新；新鲜；刚出现。常见用法如：新旧、新闻、新鲜、更新、重新。,新旧|新闻|新鲜|更新|重新,draft,draft,draft,draft,needs_review,historical_draft_review,已有历史层草稿或音韵草稿；需后续依据字形材料、古籍训诂和韵书资料复核。
165,旧,U+65E7,舊,U+820A,舊:U+820A,jiu4,日,5,《新华字典》,现代义项含义参考《新华字典》释义体系整理；当前为项目改写摘要，非逐字原文。,旧的|从前的|原来的|旧交|陈旧,旧：现代主要用于表示旧的；从前的；原来的；旧交；陈旧。常见用法如：新旧、旧书、旧友、依旧、旧时。,新旧|旧书|旧友|依旧|旧时,draft,draft,draft,draft,needs_review,variant_or_traditional|historical_draft_review,含繁体/异体：舊；需复核简繁对应、异体来源和义项是否完全合并。|已有历史层草稿或音韵草稿；需后续依据字形材料、古籍训诂和韵书资料复核。
166,多,U+591A,多,,,duo1,夕,6,《新华字典》,现代义项含义参考《新华字典》释义体系整理；当前为项目改写摘要，非逐字原文。,数量多|超过|过分|多么|多余,多：现代主要用于表示数量多；超过；过分；多么；多余。常见用法如：多少、很多、多年、多么、多余。,多少|很多|多年|多么|多余,draft,draft,draft,draft,needs_review,historical_draft_review,已有历史层草稿或音韵草稿；需后续依据字形材料、古籍训诂和韵书资料复核。
167,少,U+5C11,少,,,shao3|shao4,小,4,《新华字典》,现代义项含义参考《新华字典》释义体系整理；当前为项目改写摘要，非逐字原文。,数量少|缺少|稍微|年轻|少年,少：现代主要用于表示数量少；缺少；稍微；年轻；少年。常见用法如：多少、少数、缺少、少年、少量。,多少|少数|缺少|少年|少量,draft,draft,draft,draft,needs_review,polyphonic|historical_draft_review,多音字：shao3、shao4；需按义项和常用词复核读音排序。|已有历史层草稿或音韵草稿；需后续依据字形材料、古籍训诂和韵书资料复核。
168,重,U+91CD,重,,,zhong4|chong2,里,9,《新华字典》,现代义项含义参考《新华字典》释义体系整理；当前为项目改写摘要，非逐字原文。,重量大|程度深|重要|重视|重复,重：现代主要用于表示重量大；程度深；重要；重视；重复。常见用法如：轻重、重要、重视、重新、重复。,轻重|重要|重视|重新|重复,draft,draft,draft,draft,needs_review,polyphonic|historical_draft_review,多音字：zhong4、chong2；需按义项和常用词复核读音排序。|已有历史层草稿或音韵草稿；需后续依据字形材料、古籍训诂和韵书资料复核。
169,轻,U+8F7B,輕,U+8F15,輕:U+8F15,qing1,车,9,《新华字典》,现代义项含义参考《新华字典》释义体系整理；当前为项目改写摘要，非逐字原文。,重量小|程度浅|轻松|轻率|轻视,轻：现代主要用于表示重量小；程度浅；轻松；轻率；轻视。常见用法如：轻重、轻松、轻视、年轻、轻微。,轻重|轻松|轻视|年轻|轻微,draft,draft,draft,draft,needs_review,variant_or_traditional|historical_draft_review,含繁体/异体：輕；需复核简繁对应、异体来源和义项是否完全合并。|已有历史层草稿或音韵草稿；需后续依据字形材料、古籍训诂和韵书资料复核。
170,爱,U+7231,愛,U+611B,愛:U+611B,ai4,爫,10,《新华字典》,现代义项含义参考《新华字典》释义体系整理；当前为项目改写摘要，非逐字原文。,爱慕或爱情|喜爱|爱护|珍惜|容易发生,爱：现代主要用于表示爱慕或爱情；喜爱；爱护；珍惜；容易发生。常见用法如：爱心、爱情、爱护、喜爱、爱好。,爱心|爱情|爱护|喜爱|爱好,draft,draft,draft,draft,needs_review,variant_or_traditional|historical_draft_review,含繁体/异体：愛；需复核简繁对应、异体来源和义项是否完全合并。|已有历史层草稿或音韵草稿；需后续依据字形材料、古籍训诂和韵书资料复核。
171,恨,U+6068,恨,,,hen4,忄,9,《新华字典》,现代义项含义参考《新华字典》释义体系整理；当前为项目改写摘要，非逐字原文。,怨恨|仇恨|遗憾|悔恨,恨：现代主要用于表示怨恨；仇恨；遗憾；悔恨。常见用法如：仇恨、恨不得、痛恨、悔恨、遗恨。,仇恨|恨不得|痛恨|悔恨|遗恨,draft,draft,draft,draft,needs_review,historical_draft_review,已有历史层草稿或音韵草稿；需后续依据字形材料、古籍训诂和韵书资料复核。
172,喜,U+559C,喜,,,xi3,口,12,《新华字典》,现代义项含义参考《新华字典》释义体系整理；当前为项目改写摘要，非逐字原文。,高兴|喜欢|可庆的事|吉庆,喜：现代主要用于表示高兴；喜欢；可庆的事；吉庆。常见用法如：喜欢、喜悦、喜事、欢喜、喜庆。,喜欢|喜悦|喜事|欢喜|喜庆,draft,draft,draft,draft,needs_review,historical_draft_review,已有历史层草稿或音韵草稿；需后续依据字形材料、古籍训诂和韵书资料复核。
173,怒,U+6012,怒,,,nu4,心,9,《新华字典》,现代义项含义参考《新华字典》释义体系整理；当前为项目改写摘要，非逐字原文。,愤怒|气势猛烈|奋起或奋发,怒：现代主要用于表示愤怒；气势猛烈；奋起或奋发。常见用法如：愤怒、怒气、发怒、怒吼、怒放。,愤怒|怒气|发怒|怒吼|怒放,draft,draft,draft,draft,needs_review,historical_draft_review,已有历史层草稿或音韵草稿；需后续依据字形材料、古籍训诂和韵书资料复核。
174,哀,U+54C0,哀,,,ai1,口,9,《新华字典》,现代义项含义参考《新华字典》释义体系整理；当前为项目改写摘要，非逐字原文。,悲伤|悼念|怜悯|哀求,哀：现代主要用于表示悲伤；悼念；怜悯；哀求。常见用法如：哀伤、悲哀、哀悼、哀求、哀乐。,哀伤|悲哀|哀悼|哀求|哀乐,draft,draft,draft,draft,needs_review,historical_draft_review,已有历史层草稿或音韵草稿；需后续依据字形材料、古籍训诂和韵书资料复核。
175,乐,U+4E50,樂,U+6A02,樂:U+6A02,le4|yue4,丿,5,《新华字典》,现代义项含义参考《新华字典》释义体系整理；当前为项目改写摘要，非逐字原文。,快乐|音乐|乐于|喜好,乐：现代主要用于表示快乐；音乐；乐于；喜好。常见用法如：快乐、音乐、乐观、娱乐、乐意。,快乐|音乐|乐观|娱乐|乐意,draft,draft,draft,draft,needs_review,polyphonic|variant_or_traditional|historical_draft_review,多音字：le4、yue4；需按义项和常用词复核读音排序。|含繁体/异体：樂；需复核简繁对应、异体来源和义项是否完全合并。|已有历史层草稿或音韵草稿；需后续依据字形材料、古籍训诂和韵书资料复核。
176,思,U+601D,思,,,si1|si4,心,9,《新华字典》,现代义项含义参考《新华字典》释义体系整理；当前为项目改写摘要，非逐字原文。,思考|想念|思想|思路|情思,思：现代主要用于表示思考；想念；思想；思路；情思。常见用法如：思想、思考、思念、意思、沉思。,思想|思考|思念|意思|沉思,draft,draft,draft,draft,needs_review,polyphonic|historical_draft_review,多音字：si1、si4；需按义项和常用词复核读音排序。|已有历史层草稿或音韵草稿；需后续依据字形材料、古籍训诂和韵书资料复核。
177,想,U+60F3,想,,,xiang3,心,13,《新华字典》,现代义项含义参考《新华字典》释义体系整理；当前为项目改写摘要，非逐字原文。,思考|想念|希望|打算|推测,想：现代主要用于表示思考；想念；希望；打算；推测。常见用法如：想法、想念、思想、想象、梦想。,想法|想念|思想|想象|梦想,draft,draft,draft,draft,needs_review,historical_draft_review,已有历史层草稿或音韵草稿；需后续依据字形材料、古籍训诂和韵书资料复核。
178,念,U+5FF5,念,,,nian4,心,8,《新华字典》,现代义项含义参考《新华字典》释义体系整理；当前为项目改写摘要，非逐字原文。,想念|诵读|念头|记住或纪念,念：现代主要用于表示想念；诵读；念头；记住或纪念。常见用法如：思念、念书、怀念、纪念、念头。,思念|念书|怀念|纪念|念头,draft,draft,draft,draft,needs_review,historical_draft_review,已有历史层草稿或音韵草稿；需后续依据字形材料、古籍训诂和韵书资料复核。
179,知,U+77E5,知,,,zhi1|zhi4,矢,8,《新华字典》,现代义项含义参考《新华字典》释义体系整理；当前为项目改写摘要，非逐字原文。,知道|知识|觉察|主管|交好或相知,知：现代主要用于表示知道；知识；觉察；主管；交好或相知。常见用法如：知道、知识、通知、知觉、知己。,知道|知识|通知|知觉|知己,draft,draft,draft,draft,needs_review,polyphonic|historical_draft_review,多音字：zhi1、zhi4；需按义项和常用词复核读音排序。|已有历史层草稿或音韵草稿；需后续依据字形材料、古籍训诂和韵书资料复核。
180,觉,U+89C9,覺,U+89BA,覺:U+89BA,jue2|jiao4,见,9,《新华字典》,现代义项含义参考《新华字典》释义体系整理；当前为项目改写摘要，非逐字原文。,感觉|觉察|觉悟|睡觉,觉：现代主要用于表示感觉；觉察；觉悟；睡觉。常见用法如：感觉、知觉、觉悟、睡觉、发觉。,感觉|知觉|觉悟|睡觉|发觉,draft,draft,draft,draft,needs_review,polyphonic|variant_or_traditional|historical_draft_review,多音字：jue2、jiao4；需按义项和常用词复核读音排序。|含繁体/异体：覺；需复核简繁对应、异体来源和义项是否完全合并。|已有历史层草稿或音韵草稿；需后续依据字形材料、古籍训诂和韵书资料复核。
181,意,U+610F,意,,,yi4,心,13,《新华字典》,现代义项含义参考《新华字典》释义体系整理；当前为项目改写摘要，非逐字原文。,意思|心意|意图|意料|情趣,意：现代主要用于表示意思；心意；意图；意料；情趣。常见用法如：意思、意义、注意、意见、意外。,意思|意义|注意|意见|意外,draft,draft,draft,draft,needs_review,historical_draft_review,已有历史层草稿或音韵草稿；需后续依据字形材料、古籍训诂和韵书资料复核。
182,志,U+5FD7,志|誌,,誌:U+8A8C,zhi4,心,7,《新华字典》,现代义项含义参考《新华字典》释义体系整理；当前为项目改写摘要，非逐字原文。,志向|意志|记载|标记|姓氏,志：现代主要用于表示志向；意志；记载；标记；姓氏。常见用法如：志气、意志、志愿、杂志、标志。,志气|意志|志愿|杂志|标志,draft,draft,draft,draft,needs_review,variant_or_traditional|historical_draft_review,含繁体/异体：誌；需复核简繁对应、异体来源和义项是否完全合并。|已有历史层草稿或音韵草稿；需后续依据字形材料、古籍训诂和韵书资料复核。
183,信,U+4FE1,信,,,xin4|shen1,亻,9,《新华字典》,现代义项含义参考《新华字典》释义体系整理；当前为项目改写摘要，非逐字原文。,相信|诚信|消息|书信|凭证或信号,信：现代主要用于表示相信；诚信；消息；书信；凭证或信号。常见用法如：相信、信心、诚信、信息、书信。,相信|信心|诚信|信息|书信,draft,draft,draft,draft,needs_review,polyphonic|historical_draft_review,多音字：xin4、shen1；需按义项和常用词复核读音排序。|已有历史层草稿或音韵草稿；需后续依据字形材料、古籍训诂和韵书资料复核。
184,疑,U+7591,疑,,,yi2,疋,14,《新华字典》,现代义项含义参考《新华字典》释义体系整理；当前为项目改写摘要，非逐字原文。,怀疑|疑问|疑似|迟疑,疑：现代主要用于表示怀疑；疑问；疑似；迟疑。常见用法如：怀疑、疑问、可疑、疑惑、迟疑。,怀疑|疑问|可疑|疑惑|迟疑,draft,draft,draft,draft,needs_review,historical_draft_review,已有历史层草稿或音韵草稿；需后续依据字形材料、古籍训诂和韵书资料复核。
185,怕,U+6015,怕,,,pa4,忄,8,《新华字典》,现代义项含义参考《新华字典》释义体系整理；当前为项目改写摘要，非逐字原文。,害怕|担心|恐怕|表示推测,怕：现代主要用于表示害怕；担心；恐怕；表示推测。常见用法如：害怕、恐怕、不怕、怕事、怕冷。,害怕|恐怕|不怕|怕事|怕冷,draft,draft,draft,draft,needs_review,historical_draft_review,已有历史层草稿或音韵草稿；需后续依据字形材料、古籍训诂和韵书资料复核。
186,忧,U+5FE7,憂,U+6182,憂:U+6182,you1,忄,7,《新华字典》,现代义项含义参考《新华字典》释义体系整理；当前为项目改写摘要，非逐字原文。,忧愁|担心|忧患|忧伤,忧：现代主要用于表示忧愁；担心；忧患；忧伤。常见用法如：忧虑、担忧、忧伤、忧患、无忧。,忧虑|担忧|忧伤|忧患|无忧,draft,draft,draft,draft,needs_review,variant_or_traditional|historical_draft_review,含繁体/异体：憂；需复核简繁对应、异体来源和义项是否完全合并。|已有历史层草稿或音韵草稿；需后续依据字形材料、古籍训诂和韵书资料复核。
187,虑,U+8651,慮,U+616E,慮:U+616E,lv4,虍,10,《新华字典》,现代义项含义参考《新华字典》释义体系整理；当前为项目改写摘要，非逐字原文。,考虑|忧虑|顾虑|谋划|过滤,虑：现代主要用于表示考虑；忧虑；顾虑；谋划；过滤。常见用法如：考虑、忧虑、顾虑、思虑、过滤。,考虑|忧虑|顾虑|思虑|过滤,draft,draft,draft,draft,needs_review,variant_or_traditional|historical_draft_review,含繁体/异体：慮；需复核简繁对应、异体来源和义项是否完全合并。|已有历史层草稿或音韵草稿；需后续依据字形材料、古籍训诂和韵书资料复核。
188,忘,U+5FD8,忘,,,wang4,心,7,《新华字典》,现代义项含义参考《新华字典》释义体系整理；当前为项目改写摘要，非逐字原文。,忘记|遗忘|忽略|忘怀,忘：现代主要用于表示忘记；遗忘；忽略；忘怀。常见用法如：忘记、遗忘、难忘、忘我、忘恩。,忘记|遗忘|难忘|忘我|忘恩,draft,draft,draft,draft,needs_review,historical_draft_review,已有历史层草稿或音韵草稿；需后续依据字形材料、古籍训诂和韵书资料复核。
189,记,U+8BB0,記,U+8A18,記:U+8A18,ji4,讠,5,《新华字典》,现代义项含义参考《新华字典》释义体系整理；当前为项目改写摘要，非逐字原文。,记住|记录|标记|记述文体,记：现代主要用于表示记住；记录；标记；记述文体。常见用法如：记忆、记录、日记、记者、忘记。,记忆|记录|日记|记者|忘记,draft,draft,draft,draft,needs_review,variant_or_traditional|historical_draft_review,含繁体/异体：記；需复核简繁对应、异体来源和义项是否完全合并。|已有历史层草稿或音韵草稿；需后续依据字形材料、古籍训诂和韵书资料复核。
190,我,U+6211,我,,,wo3,戈,7,《新华字典》,现代义项含义参考《新华字典》释义体系整理；当前为项目改写摘要，非逐字原文。,自己|自称|己方,我：现代主要用于表示自己；自称；己方。常见用法如：我们、自我、我国、我方、忘我。,我们|自我|我国|我方|忘我,draft,pending,pending,pending,none,history_pending,
191,你,U+4F60,你|妳,U+59B3,妳:U+59B3,ni3,亻,7,《新华字典》,现代义项含义参考《新华字典》释义体系整理；当前为项目改写摘要，非逐字原文。,第二人称代词|称对方,你：现代主要用于表示第二人称代词；称对方。常见用法如：你好、你们、你我、迷你、你方。,你好|你们|你我|迷你|你方,draft,pending,pending,pending,needs_review,variant_or_traditional|history_pending,含繁体/异体：妳；需复核简繁对应、异体来源和义项是否完全合并。
192,他,U+4ED6,他,,,ta1,亻,5,《新华字典》,现代义项含义参考《新华字典》释义体系整理；当前为项目改写摘要，非逐字原文。,第三人称代词|称男性或泛指他人,他：现代主要用于表示第三人称代词；称男性或泛指他人。常见用法如：他们、他人、其他、他乡、他日。,他们|他人|其他|他乡|他日,draft,pending,pending,pending,none,history_pending,
193,她,U+5979,她,,,ta1,女,6,《新华字典》,现代义项含义参考《新华字典》释义体系整理；当前为项目改写摘要，非逐字原文。,第三人称代词|称女性,她：现代主要用于表示第三人称代词；称女性。常见用法如：她们、她的、她俩、她家、她说。,她们|她的|她俩|她家|她说,draft,pending,pending,pending,none,history_pending,
194,它,U+5B83,它,,,ta1,宀,5,《新华字典》,现代义项含义参考《新华字典》释义体系整理；当前为项目改写摘要，非逐字原文。,第三人称代词|称事物或动物,它：现代主要用于表示第三人称代词；称事物或动物。常见用法如：它们、其它、它的、它处、它物。,它们|其它|它的|它处|它物,draft,pending,pending,pending,none,history_pending,
195,们,U+4EEC,們,U+5011,們:U+5011,men,亻,5,《新华字典》,现代义项含义参考《新华字典》释义体系整理；当前为项目改写摘要，非逐字原文。,表示复数的词尾,们：现代主要用于表示表示复数的词尾。常见用法如：我们、你们、他们、人们、同学们。,我们|你们|他们|人们|同学们,draft,pending,pending,pending,needs_review,variant_or_traditional|history_pending,含繁体/异体：們；需复核简繁对应、异体来源和义项是否完全合并。
196,的,U+7684,的,,,de|di2|di4,白,8,《新华字典》,现代义项含义参考《新华字典》释义体系整理；当前为项目改写摘要，非逐字原文。,结构助词|所属关系|确实|目标,的：现代主要用于表示结构助词；所属关系；确实；目标。常见用法如：我的、好的、目的、的确、有的。,我的|好的|目的|的确|有的,draft,pending,pending,pending,needs_review,polyphonic|history_pending,多音字：de、di2、di4；需按义项和常用词复核读音排序。
197,了,U+4E86,了,,,le|liao3,亅,2,《新华字典》,现代义项含义参考《新华字典》释义体系整理；当前为项目改写摘要，非逐字原文。,助词|完成或变化|结束|明白,了：现代主要用于表示助词；完成或变化；结束；明白。常见用法如：好了、为了、了解、了结、不得了。,好了|为了|了解|了结|不得了,draft,pending,pending,pending,needs_review,polyphonic|history_pending,多音字：le、liao3；需按义项和常用词复核读音排序。
198,在,U+5728,在,,,zai4,土,6,《新华字典》,现代义项含义参考《新华字典》释义体系整理；当前为项目改写摘要，非逐字原文。,存在|处于某处|正在|介词,在：现代主要用于表示存在；处于某处；正在；介词。常见用法如：现在、正在、存在、在家、在于。,现在|正在|存在|在家|在于,draft,pending,pending,pending,none,history_pending,
199,和,U+548C,和,,,he2|he4|huo2|huo4,口,8,《新华字典》,现代义项含义参考《新华字典》释义体系整理；当前为项目改写摘要，非逐字原文。,平和|共同|连词|应和,和：现代主要用于表示平和；共同；连词；应和。常见用法如：和平、和好、和气、和声、我和你。,和平|和好|和气|和声|我和你,draft,pending,pending,pending,needs_review,polyphonic|history_pending,多音字：he2、he4、huo2、huo4；需按义项和常用词复核读音排序。
200,与,U+4E0E,與,U+8207,與:U+8207,yu3|yu4|yu2,一,3,《新华字典》,现代义项含义参考《新华字典》释义体系整理；当前为项目改写摘要，非逐字原文。,给|和|参与|同类关系,与：现代主要用于表示给；和；参与；同类关系。常见用法如：给予、参与、与其、人与人、相与。,给予|参与|与其|人与人|相与,draft,pending,pending,pending,needs_review,polyphonic|variant_or_traditional|history_pending,多音字：yu3、yu4、yu2；需按义项和常用词复核读音排序。|含繁体/异体：與；需复核简繁对应、异体来源和义项是否完全合并。
201,为,U+4E3A,為|爲,U+70BA,為:U+70BA|爲:U+7232,wei2|wei4,丶,4,《新华字典》,现代义项含义参考《新华字典》释义体系整理；当前为项目改写摘要，非逐字原文。,做|成为|替|因为|被,为：现代主要用于表示做；成为；替；因为；被。常见用法如：为了、因为、作为、成为、为人。,为了|因为|作为|成为|为人,draft,pending,pending,pending,needs_review,polyphonic|variant_or_traditional|simplified_merge_or_multi_variant|history_pending,多音字：wei2、wei4；需按义项和常用词复核读音排序。|含繁体/异体：為、爲；需复核简繁对应、异体来源和义项是否完全合并。|简化合并或多异体入口：为 对应 為、爲；历史层建议拆分来源线索。
202,以,U+4EE5,以,,,yi3,人,4,《新华字典》,现代义项含义参考《新华字典》释义体系整理；当前为项目改写摘要，非逐字原文。,用|拿|按照|因为|从某时起,以：现代主要用于表示用；拿；按照；因为；从某时起。常见用法如：可以、所以、以前、以后、以及。,可以|所以|以前|以后|以及,draft,pending,pending,pending,none,history_pending,
203,于,U+4E8E,于|於,U+65BC,於:U+65BC,yu2,二,3,《新华字典》,现代义项含义参考《新华字典》释义体系整理；当前为项目改写摘要，非逐字原文。,在|到|对|向|比,于：现代主要用于表示在；到；对；向；比。常见用法如：于是、关于、由于、终于、属于。,于是|关于|由于|终于|属于,draft,pending,pending,pending,needs_review,variant_or_traditional|history_pending,含繁体/异体：於；需复核简繁对应、异体来源和义项是否完全合并。
204,也,U+4E5F,也,,,ye3,乙,3,《新华字典》,现代义项含义参考《新华字典》释义体系整理；当前为项目改写摘要，非逐字原文。,副词|同样|表示判断或语气,也：现代主要用于表示副词；同样；表示判断或语气。常见用法如：也是、也许、也好、也罢、也行。,也是|也许|也好|也罢|也行,draft,pending,pending,pending,none,history_pending,
205,都,U+90FD,都,,,dou1|du1,阝,10,《新华字典》,现代义项含义参考《新华字典》释义体系整理；当前为项目改写摘要，非逐字原文。,全|已经|都市,都：现代主要用于表示全；已经；都市。常见用法如：都是、都有、首都、都市、都城。,都是|都有|首都|都市|都城,draft,pending,pending,pending,needs_review,polyphonic|history_pending,多音字：dou1、du1；需按义项和常用词复核读音排序。
206,就,U+5C31,就,,,jiu4,尢,12,《新华字典》,现代义项含义参考《新华字典》释义体系整理；当前为项目改写摘要，非逐字原文。,靠近|完成|立刻|仅仅|顺从,就：现代主要用于表示靠近；完成；立刻；仅仅；顺从。常见用法如：就是、就要、成就、迁就、就近。,就是|就要|成就|迁就|就近,draft,pending,pending,pending,none,history_pending,
207,还,U+8FD8,還,U+9084,還:U+9084,hai2|huan2,辶,7,《新华字典》,现代义项含义参考《新华字典》释义体系整理；当前为项目改写摘要，非逐字原文。,仍旧|更加|归还|返回,还：现代主要用于表示仍旧；更加；归还；返回。常见用法如：还有、还是、还原、归还、还给。,还有|还是|还原|归还|还给,draft,pending,pending,pending,needs_review,polyphonic|variant_or_traditional|history_pending,多音字：hai2、huan2；需按义项和常用词复核读音排序。|含繁体/异体：還；需复核简繁对应、异体来源和义项是否完全合并。
208,又,U+53C8,又,,,you4,又,2,《新华字典》,现代义项含义参考《新华字典》释义体系整理；当前为项目改写摘要，非逐字原文。,再|重复|并且|手的古形部件,又：现代主要用于表示再；重复；并且；手的古形部件。常见用法如：又是、又来、又名、一又二分之一、又及。,又是|又来|又名|一又二分之一|又及,draft,pending,pending,pending,none,history_pending,
209,只,U+53EA,只|隻|衹,U+96BB,隻:U+96BB|衹:U+8879,zhi1|zhi3,口,5,《新华字典》,现代义项含义参考《新华字典》释义体系整理；当前为项目改写摘要，非逐字原文。,单独|仅仅|量词|一只,只：现代主要用于表示单独；仅仅；量词；一只。常见用法如：只有、只是、只好、一只、只身。,只有|只是|只好|一只|只身,draft,pending,pending,pending,needs_review,polyphonic|variant_or_traditional|simplified_merge_or_multi_variant|history_pending,多音字：zhi1、zhi3；需按义项和常用词复核读音排序。|含繁体/异体：隻、衹；需复核简繁对应、异体来源和义项是否完全合并。|简化合并或多异体入口：只 对应 隻、衹；历史层建议拆分来源线索。
210,再,U+518D,再,,,zai4,冂,6,《新华字典》,现代义项含义参考《新华字典》释义体系整理；当前为项目改写摘要，非逐字原文。,又一次|继续|第二次,再：现代主要用于表示又一次；继续；第二次。常见用法如：再见、再次、再三、再说、再来。,再见|再次|再三|再说|再来,draft,pending,pending,pending,none,history_pending,
211,因,U+56E0,因,,,yin1,囗,6,《新华字典》,现代义项含义参考《新华字典》释义体系整理；当前为项目改写摘要，非逐字原文。,原因|因为|依靠|沿袭,因：现代主要用于表示原因；因为；依靠；沿袭。常见用法如：因为、原因、因此、因素、因果。,因为|原因|因此|因素|因果,draft,pending,pending,pending,none,history_pending,
212,所,U+6240,所,,,suo3,户,8,《新华字典》,现代义项含义参考《新华字典》释义体系整理；当前为项目改写摘要，非逐字原文。,处所|机关单位|助词|被动标记,所：现代主要用于表示处所；机关单位；助词；被动标记。常见用法如：所以、所有、住所、处所、厕所。,所以|所有|住所|处所|厕所,draft,pending,pending,pending,none,history_pending,
213,而,U+800C,而,,,er2,而,6,《新华字典》,现代义项含义参考《新华字典》释义体系整理；当前为项目改写摘要，非逐字原文。,连词|并且|却|到某时,而：现代主要用于表示连词；并且；却；到某时。常见用法如：而且、然而、因而、而后、视而不见。,而且|然而|因而|而后|视而不见,draft,pending,pending,pending,none,history_pending,
214,但,U+4F46,但,,,dan4,亻,7,《新华字典》,现代义项含义参考《新华字典》释义体系整理；当前为项目改写摘要，非逐字原文。,只|但是|不过,但：现代主要用于表示只；但是；不过。常见用法如：但是、但愿、不但、但凡、但书。,但是|但愿|不但|但凡|但书,draft,pending,pending,pending,none,history_pending,
215,被,U+88AB,被,,,bei4,衤,10,《新华字典》,现代义项含义参考《新华字典》释义体系整理；当前为项目改写摘要，非逐字原文。,被子|遭受|被动介词,被：现代主要用于表示被子；遭受；被动介词。常见用法如：被子、被动、被告、被迫、被害。,被子|被动|被告|被迫|被害,draft,pending,pending,pending,none,history_pending,
216,把,U+628A,把,,,ba3|ba4,扌,7,《新华字典》,现代义项含义参考《新华字典》释义体系整理；当前为项目改写摘要，非逐字原文。,握住|控制|量词|介词,把：现代主要用于表示握住；控制；量词；介词。常见用法如：把手、把握、把门、一把、把书拿来。,把手|把握|把门|一把|把书拿来,draft,pending,pending,pending,needs_review,polyphonic|history_pending,多音字：ba3、ba4；需按义项和常用词复核读音排序。
217,对,U+5BF9,對,U+5C0D,對:U+5C0D,dui4,寸,5,《新华字典》,现代义项含义参考《新华字典》释义体系整理；当前为项目改写摘要，非逐字原文。,回答|正确|相向|对待|量词,对：现代主要用于表示回答；正确；相向；对待；量词。常见用法如：对方、对错、回答、面对、一对。,对方|对错|回答|面对|一对,draft,pending,pending,pending,needs_review,variant_or_traditional|history_pending,含繁体/异体：對；需复核简繁对应、异体来源和义项是否完全合并。
218,给,U+7ED9,給,U+7D66,給:U+7D66,gei3|ji3,纟,9,《新华字典》,现代义项含义参考《新华字典》释义体系整理；当前为项目改写摘要，非逐字原文。,交付|使对方得到|为|供应,给：现代主要用于表示交付；使对方得到；为；供应。常见用法如：给你、送给、给予、供给、补给。,给你|送给|给予|供给|补给,draft,pending,pending,pending,needs_review,polyphonic|variant_or_traditional|history_pending,多音字：gei3、ji3；需按义项和常用词复核读音排序。|含繁体/异体：給；需复核简繁对应、异体来源和义项是否完全合并。
219,从,U+4ECE,從,U+5F9E,從:U+5F9E,cong2,人,4,《新华字典》,现代义项含义参考《新华字典》释义体系整理；当前为项目改写摘要，非逐字原文。,跟随|自|由|听从|次要,从：现代主要用于表示跟随；自；由；听从；次要。常见用法如：从前、从来、跟从、服从、从此。,从前|从来|跟从|服从|从此,draft,pending,pending,pending,needs_review,variant_or_traditional|history_pending,含繁体/异体：從；需复核简繁对应、异体来源和义项是否完全合并。
220,向,U+5411,向|嚮,U+56AE,嚮:U+56AE,xiang4,口,6,《新华字典》,现代义项含义参考《新华字典》释义体系整理；当前为项目改写摘要，非逐字原文。,方向|朝着|对着|偏袒,向：现代主要用于表示方向；朝着；对着；偏袒。常见用法如：方向、向前、向来、面向、志向。,方向|向前|向来|面向|志向,draft,pending,pending,pending,needs_review,variant_or_traditional|history_pending,含繁体/异体：嚮；需复核简繁对应、异体来源和义项是否完全合并。
221,到,U+5230,到,,,dao4,刂,8,《新华字典》,现代义项含义参考《新华字典》释义体系整理；当前为项目改写摘要，非逐字原文。,到达|往|周到|直到,到：现代主要用于表示到达；往；周到；直到。常见用法如：到达、来到、到底、周到、迟到。,到达|来到|到底|周到|迟到,draft,pending,pending,pending,none,history_pending,
222,说,U+8BF4,說|説,U+8AAA,說:U+8AAA|説:U+8AAC,shuo1|shui4,讠,9,《新华字典》,现代义项含义参考《新华字典》释义体系整理；当前为项目改写摘要，非逐字原文。,讲话|解释|主张|劝说,说：现代主要用于表示讲话；解释；主张；劝说。常见用法如：说话、说明、小说、说服、听说。,说话|说明|小说|说服|听说,draft,pending,pending,pending,needs_review,polyphonic|variant_or_traditional|simplified_merge_or_multi_variant|history_pending,多音字：shuo1、shui4；需按义项和常用词复核读音排序。|含繁体/异体：說、説；需复核简繁对应、异体来源和义项是否完全合并。|简化合并或多异体入口：说 对应 說、説；历史层建议拆分来源线索。
223,问,U+95EE,問,U+554F,問:U+554F,wen4,门,6,《新华字典》,现代义项含义参考《新华字典》释义体系整理；当前为项目改写摘要，非逐字原文。,询问|问候|追究|管,问：现代主要用于表示询问；问候；追究；管。常见用法如：问题、询问、问候、访问、学问。,问题|询问|问候|访问|学问,draft,pending,pending,pending,needs_review,variant_or_traditional|history_pending,含繁体/异体：問；需复核简繁对应、异体来源和义项是否完全合并。
224,答,U+7B54,答,,,da2|da1,竹,12,《新华字典》,现代义项含义参考《新华字典》释义体系整理；当前为项目改写摘要，非逐字原文。,回答|应对|答应,答：现代主要用于表示回答；应对；答应。常见用法如：回答、答案、答复、答应、问答。,回答|答案|答复|答应|问答,draft,pending,pending,pending,needs_review,polyphonic|history_pending,多音字：da2、da1；需按义项和常用词复核读音排序。
225,看,U+770B,看,,,kan4|kan1,目,9,《新华字典》,现代义项含义参考《新华字典》释义体系整理；当前为项目改写摘要，非逐字原文。,观看|照料|判断|探望,看：现代主要用于表示观看；照料；判断；探望。常见用法如：看见、看书、看护、看法、看望。,看见|看书|看护|看法|看望,draft,pending,pending,pending,needs_review,polyphonic|history_pending,多音字：kan4、kan1；需按义项和常用词复核读音排序。
226,见,U+89C1,見,U+898B,見:U+898B,jian4|xian4,见,4,《新华字典》,现代义项含义参考《新华字典》释义体系整理；当前为项目改写摘要，非逐字原文。,看到|会面|显现|看法,见：现代主要用于表示看到；会面；显现；看法。常见用法如：看见、见面、意见、少见、见识。,看见|见面|意见|少见|见识,draft,pending,pending,pending,needs_review,polyphonic|variant_or_traditional|history_pending,多音字：jian4、xian4；需按义项和常用词复核读音排序。|含繁体/异体：見；需复核简繁对应、异体来源和义项是否完全合并。
227,做,U+505A,做,,,zuo4,亻,11,《新华字典》,现代义项含义参考《新华字典》释义体系整理；当前为项目改写摘要，非逐字原文。,从事|制作|担任|举行,做：现代主要用于表示从事；制作；担任；举行。常见用法如：做事、做饭、做人、做工、做法。,做事|做饭|做人|做工|做法,draft,pending,pending,pending,none,history_pending,
228,得,U+5F97,得,,,de2|de|dei3,彳,11,《新华字典》,现代义项含义参考《新华字典》释义体系整理；当前为项目改写摘要，非逐字原文。,得到|适合|助词|必须,得：现代主要用于表示得到；适合；助词；必须。常见用法如：得到、觉得、心得、得意、非得。,得到|觉得|心得|得意|非得,draft,pending,pending,pending,needs_review,polyphonic|history_pending,多音字：de2、de、dei3；需按义项和常用词复核读音排序。
229,要,U+8981,要,,,yao4|yao1,覀,9,《新华字典》,现代义项含义参考《新华字典》释义体系整理；当前为项目改写摘要，非逐字原文。,需要|重要|将要|要求,要：现代主要用于表示需要；重要；将要；要求。常见用法如：需要、重要、要求、要是、将要。,需要|重要|要求|要是|将要,draft,pending,pending,pending,needs_review,polyphonic|history_pending,多音字：yao4、yao1；需按义项和常用词复核读音排序。
230,会,U+4F1A,會,U+6703,會:U+6703,hui4|kuai4,人,6,《新华字典》,现代义项含义参考《新华字典》释义体系整理；当前为项目改写摘要，非逐字原文。,聚合|懂得|能够|会议|会计,会：现代主要用于表示聚合；懂得；能够；会议；会计。常见用法如：会议、学会、不会、机会、会计。,会议|学会|不会|机会|会计,draft,pending,pending,pending,needs_review,polyphonic|variant_or_traditional|history_pending,多音字：hui4、kuai4；需按义项和常用词复核读音排序。|含繁体/异体：會；需复核简繁对应、异体来源和义项是否完全合并。
231,应,U+5E94,應,U+61C9,應:U+61C9,ying1|ying4,广,7,《新华字典》,现代义项含义参考《新华字典》释义体系整理；当前为项目改写摘要，非逐字原文。,应该|答应|应对|适合,应：现代主要用于表示应该；答应；应对；适合。常见用法如：应该、应当、答应、反应、应用。,应该|应当|答应|反应|应用,draft,pending,pending,pending,needs_review,polyphonic|variant_or_traditional|history_pending,多音字：ying1、ying4；需按义项和常用词复核读音排序。|含繁体/异体：應；需复核简繁对应、异体来源和义项是否完全合并。
232,该,U+8BE5,該,U+8A72,該:U+8A72,gai1,讠,8,《新华字典》,现代义项含义参考《新华字典》释义体系整理；当前为项目改写摘要，非逐字原文。,应当|轮到|那个|欠,该：现代主要用于表示应当；轮到；那个；欠。常见用法如：应该、该当、活该、该书、该你。,应该|该当|活该|该书|该你,draft,pending,pending,pending,needs_review,variant_or_traditional|history_pending,含繁体/异体：該；需复核简繁对应、异体来源和义项是否完全合并。
233,让,U+8BA9,讓,U+8B93,讓:U+8B93,rang4,讠,5,《新华字典》,现代义项含义参考《新华字典》释义体系整理；当前为项目改写摘要，非逐字原文。,谦让|允许|使|被,让：现代主要用于表示谦让；允许；使；被。常见用法如：让步、让座、让开、让他去、礼让。,让步|让座|让开|让他去|礼让,draft,pending,pending,pending,needs_review,variant_or_traditional|history_pending,含繁体/异体：讓；需复核简繁对应、异体来源和义项是否完全合并。
234,使,U+4F7F,使,,,shi3,亻,8,《新华字典》,现代义项含义参考《新华字典》释义体系整理；当前为项目改写摘要，非逐字原文。,派遣|使用|让|假使,使：现代主要用于表示派遣；使用；让；假使。常见用法如：使用、使者、使命、即使、驱使。,使用|使者|使命|即使|驱使,draft,pending,pending,pending,none,history_pending,
235,成,U+6210,成,,,cheng2,戈,6,《新华字典》,现代义项含义参考《新华字典》释义体系整理；当前为项目改写摘要，非逐字原文。,完成|成为|成功|成果,成：现代主要用于表示完成；成为；成功；成果。常见用法如：成功、成为、完成、成长、成绩。,成功|成为|完成|成长|成绩,draft,pending,pending,pending,none,history_pending,
236,变,U+53D8,變,U+8B8A,變:U+8B8A,bian4,又,8,《新华字典》,现代义项含义参考《新华字典》释义体系整理；当前为项目改写摘要，非逐字原文。,变化|改变|变成|变故,变：现代主要用于表示变化；改变；变成；变故。常见用法如：变化、改变、变成、变动、变迁。,变化|改变|变成|变动|变迁,draft,pending,pending,pending,needs_review,variant_or_traditional|history_pending,含繁体/异体：變；需复核简繁对应、异体来源和义项是否完全合并。
237,开,U+5F00,開,U+958B,開:U+958B,kai1,廾,4,《新华字典》,现代义项含义参考《新华字典》释义体系整理；当前为项目改写摘要，非逐字原文。,打开|开始|开辟|举行,开：现代主要用于表示打开；开始；开辟；举行。常见用法如：开始、打开、开会、开心、开放。,开始|打开|开会|开心|开放,draft,pending,pending,pending,needs_review,variant_or_traditional|history_pending,含繁体/异体：開；需复核简繁对应、异体来源和义项是否完全合并。
238,关,U+5173,關,U+95DC,關:U+95DC,guan1,丷,6,《新华字典》,现代义项含义参考《新华字典》释义体系整理；当前为项目改写摘要，非逐字原文。,关闭|关口|涉及|关心,关：现代主要用于表示关闭；关口；涉及；关心。常见用法如：关门、关系、关于、关心、海关。,关门|关系|关于|关心|海关,draft,pending,pending,pending,needs_review,variant_or_traditional|history_pending,含繁体/异体：關；需复核简繁对应、异体来源和义项是否完全合并。
239,起,U+8D77,起,,,qi3,走,10,《新华字典》,现代义项含义参考《新华字典》释义体系整理；当前为项目改写摘要，非逐字原文。,起来|开始|发生|兴起,起：现代主要用于表示起来；开始；发生；兴起。常见用法如：起来、起床、开始、一起、引起。,起来|起床|开始|一起|引起,draft,pending,pending,pending,none,history_pending,
240,入,U+5165,入,,,ru4,入,2,《新华字典》,现代义项含义参考《新华字典》释义体系整理；当前为项目改写摘要，非逐字原文。,进入|收入|合乎|参加,入：现代主要用于表示进入；收入；合乎；参加。常见用法如：进入、入口、收入、加入、入学。,进入|入口|收入|加入|入学,draft,pending,pending,pending,none,history_pending,
241,出,U+51FA,出,,,chu1,凵,5,《新华字典》,现代义项含义参考《新华字典》释义体系整理；当前为项目改写摘要，非逐字原文。,出来|产生|超过|出版,出：现代主要用于表示出来；产生；超过；出版。常见用法如：出去、出来、出现、出生、出版。,出去|出来|出现|出生|出版,draft,pending,pending,pending,none,history_pending,
242,过,U+8FC7,過,U+904E,過:U+904E,guo4|guo|guo1,辶,6,《新华字典》,现代义项含义参考《新华字典》释义体系整理；当前为项目改写摘要，非逐字原文。,经过|过去|超过|过失,过：现代主要用于表示经过；过去；超过；过失。常见用法如：过去、经过、过年、超过、过错。,过去|经过|过年|超过|过错,draft,pending,pending,pending,needs_review,polyphonic|variant_or_traditional|history_pending,多音字：guo4、guo、guo1；需按义项和常用词复核读音排序。|含繁体/异体：過；需复核简繁对应、异体来源和义项是否完全合并。
243,住,U+4F4F,住,,,zhu4,亻,7,《新华字典》,现代义项含义参考《新华字典》释义体系整理；当前为项目改写摘要，非逐字原文。,居住|停留|停止|牢固,住：现代主要用于表示居住；停留；停止；牢固。常见用法如：住处、居住、住手、记住、住宅。,住处|居住|住手|记住|住宅,draft,pending,pending,pending,none,history_pending,
244,回,U+56DE,回|迴,U+8FF4,迴:U+8FF4,hui2,囗,6,《新华字典》,现代义项含义参考《新华字典》释义体系整理；当前为项目改写摘要，非逐字原文。,返回|回转|答复|量词,回：现代主要用于表示返回；回转；答复；量词。常见用法如：回来、回答、回家、回头、一回。,回来|回答|回家|回头|一回,draft,pending,pending,pending,needs_review,variant_or_traditional|history_pending,含繁体/异体：迴；需复核简繁对应、异体来源和义项是否完全合并。
245,同,U+540C,同,,,tong2|tong4,口,6,《新华字典》,现代义项含义参考《新华字典》释义体系整理；当前为项目改写摘要，非逐字原文。,相同|一起|共同|会合,同：现代主要用于表示相同；一起；共同；会合。常见用法如：同学、共同、相同、同意、同志。,同学|共同|相同|同意|同志,draft,pending,pending,pending,needs_review,polyphonic|history_pending,多音字：tong2、tong4；需按义项和常用词复核读音排序。
246,名,U+540D,名,,,ming2,口,6,《新华字典》,现代义项含义参考《新华字典》释义体系整理；当前为项目改写摘要，非逐字原文。,名字|名称|名声|出名,名：现代主要用于表示名字；名称；名声；出名。常见用法如：名字、姓名、名声、有名、名词。,名字|姓名|名声|有名|名词,draft,pending,pending,pending,none,history_pending,
247,学,U+5B66,學,U+5B78,學:U+5B78,xue2,子,8,《新华字典》,现代义项含义参考《新华字典》释义体系整理；当前为项目改写摘要，非逐字原文。,学习|学问|学校|学科,学：现代主要用于表示学习；学问；学校；学科。常见用法如：学习、学校、学生、科学、学问。,学习|学校|学生|科学|学问,draft,pending,pending,pending,needs_review,variant_or_traditional|history_pending,含繁体/异体：學；需复核简繁对应、异体来源和义项是否完全合并。
248,书,U+4E66,書,U+66F8,書:U+66F8,shu1,乛,4,《新华字典》,现代义项含义参考《新华字典》释义体系整理；当前为项目改写摘要，非逐字原文。,书写|书籍|信件|文件,书：现代主要用于表示书写；书籍；信件；文件。常见用法如：书本、读书、书法、书信、证书。,书本|读书|书法|书信|证书,draft,pending,pending,pending,needs_review,variant_or_traditional|history_pending,含繁体/异体：書；需复核简繁对应、异体来源和义项是否完全合并。
249,事,U+4E8B,事,,,shi4,亅,8,《新华字典》,现代义项含义参考《新华字典》释义体系整理；当前为项目改写摘要，非逐字原文。,事情|职业|侍奉|事故,事：现代主要用于表示事情；职业；侍奉；事故。常见用法如：事情、故事、事业、办事、事故。,事情|故事|事业|办事|事故,draft,pending,pending,pending,none,history_pending,
250,物,U+7269,物,,,wu4,牜,8,《新华字典》,现代义项含义参考《新华字典》释义体系整理；当前为项目改写摘要，非逐字原文。,东西|事物|内容|他人,物：现代主要用于表示东西；事物；内容；他人。常见用法如：事物、物品、动物、人物、万物。,事物|物品|动物|人物|万物,draft,pending,pending,pending,none,history_pending,
251,工,U+5DE5,工,,,gong1,工,3,《新华字典》,现代义项含义参考《新华字典》释义体系整理；当前为项目改写摘要，非逐字原文。,工人|工作|工程|精巧,工：现代主要用于表示工人；工作；工程；精巧。常见用法如：工人、工作、工程、工业、人工。,工人|工作|工程|工业|人工,draft,pending,pending,pending,none,history_pending,
252,业,U+4E1A,業,U+696D,業:U+696D,ye4,一,5,《新华字典》,现代义项含义参考《新华字典》释义体系整理；当前为项目改写摘要，非逐字原文。,行业|事业|学业|财产,业：现代主要用于表示行业；事业；学业；财产。常见用法如：工业、事业、作业、农业、毕业。,工业|事业|作业|农业|毕业,draft,pending,pending,pending,needs_review,variant_or_traditional|history_pending,含繁体/异体：業；需复核简繁对应、异体来源和义项是否完全合并。
253,方,U+65B9,方,,,fang1,方,4,《新华字典》,现代义项含义参考《新华字典》释义体系整理；当前为项目改写摘要，非逐字原文。,方向|方法|地方|方正,方：现代主要用于表示方向；方法；地方；方正。常见用法如：方向、方法、地方、方面、方才。,方向|方法|地方|方面|方才,draft,pending,pending,pending,none,history_pending,
254,面,U+9762,面|麵,U+9EB5,麵:U+9EB5,mian4,面,9,《新华字典》,现代义项含义参考《新华字典》释义体系整理；当前为项目改写摘要，非逐字原文。,脸|表面|方面|面粉,面：现代主要用于表示脸；表面；方面；面粉。常见用法如：面前、面条、方面、表面、见面。,面前|面条|方面|表面|见面,draft,pending,pending,pending,needs_review,variant_or_traditional|history_pending,含繁体/异体：麵；需复核简繁对应、异体来源和义项是否完全合并。
255,点,U+70B9,點,U+9EDE,點:U+9EDE,dian3,灬,9,《新华字典》,现代义项含义参考《新华字典》释义体系整理；当前为项目改写摘要，非逐字原文。,小痕迹|一点儿|时刻|点明,点：现代主要用于表示小痕迹；一点儿；时刻；点明。常见用法如：一点、点头、地点、时间点、点心。,一点|点头|地点|时间点|点心,draft,pending,pending,pending,needs_review,variant_or_traditional|history_pending,含繁体/异体：點；需复核简繁对应、异体来源和义项是否完全合并。
256,力,U+529B,力,,,li4,力,2,《新华字典》,现代义项含义参考《新华字典》释义体系整理；当前为项目改写摘要，非逐字原文。,力量|能力|用力,力：现代主要用于表示力量；能力；用力。常见用法如：力量、能力、努力、动力、力气。,力量|能力|努力|动力|力气,draft,pending,pending,pending,none,history_pending,
257,理,U+7406,理,,,li3,王,11,《新华字典》,现代义项含义参考《新华字典》释义体系整理；当前为项目改写摘要，非逐字原文。,条理|道理|治理|理会,理：现代主要用于表示条理；道理；治理；理会。常见用法如：道理、理解、整理、理想、理由。,道理|理解|整理|理想|理由,draft,pending,pending,pending,none,history_pending,
258,体,U+4F53,體,U+9AD4,體:U+9AD4,ti3,亻,7,《新华字典》,现代义项含义参考《新华字典》释义体系整理；当前为项目改写摘要，非逐字原文。,身体|整体|体制|亲身,体：现代主要用于表示身体；整体；体制；亲身。常见用法如：身体、体育、整体、体会、字体。,身体|体育|整体|体会|字体,draft,pending,pending,pending,needs_review,variant_or_traditional|history_pending,含繁体/异体：體；需复核简繁对应、异体来源和义项是否完全合并。
259,政,U+653F,政,,,zheng4,攵,9,《新华字典》,现代义项含义参考《新华字典》释义体系整理；当前为项目改写摘要，非逐字原文。,政治|政事|治理,政：现代主要用于表示政治；政事；治理。常见用法如：政治、政府、政权、政事、政策。,政治|政府|政权|政事|政策,draft,pending,pending,pending,none,history_pending,
260,府,U+5E9C,府,,,fu3,广,8,《新华字典》,现代义项含义参考《新华字典》释义体系整理；当前为项目改写摘要，非逐字原文。,官署|府第|旧时行政区,府：现代主要用于表示官署；府第；旧时行政区。常见用法如：政府、官府、府上、王府、学府。,政府|官府|府上|王府|学府,draft,pending,pending,pending,none,history_pending,
261,区,U+533A,區,U+5340,區:U+5340,qu1|ou1,匚,4,《新华字典》,现代义项含义参考《新华字典》释义体系整理；当前为项目改写摘要，非逐字原文。,区域|区别|行政区,区：现代主要用于表示区域；区别；行政区。常见用法如：地区、区别、区域、小区、区分。,地区|区别|区域|小区|区分,draft,pending,pending,pending,needs_review,polyphonic|variant_or_traditional|history_pending,多音字：qu1、ou1；需按义项和常用词复核读音排序。|含繁体/异体：區；需复核简繁对应、异体来源和义项是否完全合并。
262,市,U+5E02,市,,,shi4,巾,5,《新华字典》,现代义项含义参考《新华字典》释义体系整理；当前为项目改写摘要，非逐字原文。,市场|城市|买卖,市：现代主要用于表示市场；城市；买卖。常见用法如：城市、市场、市民、上市、市区。,城市|市场|市民|上市|市区,draft,pending,pending,pending,none,history_pending,
263,县,U+53BF,縣,U+7E23,縣:U+7E23,xian4,厶,7,《新华字典》,现代义项含义参考《新华字典》释义体系整理；当前为项目改写摘要，非逐字原文。,行政区划|县级区域,县：现代主要用于表示行政区划；县级区域。常见用法如：县城、县长、县级、县份、县市。,县城|县长|县级|县份|县市,draft,pending,pending,pending,needs_review,variant_or_traditional|history_pending,含繁体/异体：縣；需复核简繁对应、异体来源和义项是否完全合并。
264,省,U+7701,省,,,sheng3|xing3,目,9,《新华字典》,现代义项含义参考《新华字典》释义体系整理；当前为项目改写摘要，非逐字原文。,行政区|节省|察看|醒悟,省：现代主要用于表示行政区；节省；察看；醒悟。常见用法如：省份、节省、省会、反省、省心。,省份|节省|省会|反省|省心,draft,pending,pending,pending,needs_review,polyphonic|history_pending,多音字：sheng3、xing3；需按义项和常用词复核读音排序。
265,部,U+90E8,部,,,bu4,阝,10,《新华字典》,现代义项含义参考《新华字典》释义体系整理；当前为项目改写摘要，非逐字原文。,部分|部门|部队|部首,部：现代主要用于表示部分；部门；部队；部首。常见用法如：部分、部门、部队、部长、部首。,部分|部门|部队|部长|部首,draft,pending,pending,pending,none,history_pending,
266,队,U+961F,隊,U+968A,隊:U+968A,dui4,阝,4,《新华字典》,现代义项含义参考《新华字典》释义体系整理；当前为项目改写摘要，非逐字原文。,行列|队伍|量词,队：现代主要用于表示行列；队伍；量词。常见用法如：队伍、军队、排队、球队、队长。,队伍|军队|排队|球队|队长,draft,pending,pending,pending,needs_review,variant_or_traditional|history_pending,含繁体/异体：隊；需复核简繁对应、异体来源和义项是否完全合并。
267,军,U+519B,軍,U+8ECD,軍:U+8ECD,jun1,冖,6,《新华字典》,现代义项含义参考《新华字典》释义体系整理；当前为项目改写摘要，非逐字原文。,军队|军事|军人,军：现代主要用于表示军队；军事；军人。常见用法如：军队、军事、军人、红军、冠军。,军队|军事|军人|红军|冠军,draft,pending,pending,pending,needs_review,variant_or_traditional|history_pending,含繁体/异体：軍；需复核简繁对应、异体来源和义项是否完全合并。
268,士,U+58EB,士,,,shi4,士,3,《新华字典》,现代义项含义参考《新华字典》释义体系整理；当前为项目改写摘要，非逐字原文。,古代男子|读书人|军人|专业人员,士：现代主要用于表示古代男子；读书人；军人；专业人员。常见用法如：士兵、护士、博士、勇士、女士。,士兵|护士|博士|勇士|女士,draft,pending,pending,pending,none,history_pending,
269,员,U+5458,員,U+54E1,員:U+54E1,yuan2|yun2,口,7,《新华字典》,现代义项含义参考《新华字典》释义体系整理；当前为项目改写摘要，非逐字原文。,人员|成员|量词,员：现代主要用于表示人员；成员；量词。常见用法如：人员、成员、员工、演员、委员。,人员|成员|员工|演员|委员,draft,pending,pending,pending,needs_review,polyphonic|variant_or_traditional|history_pending,多音字：yuan2、yun2；需按义项和常用词复核读音排序。|含繁体/异体：員；需复核简繁对应、异体来源和义项是否完全合并。
270,边,U+8FB9,邊,U+908A,邊:U+908A,bian1,辶,5,《新华字典》,现代义项含义参考《新华字典》释义体系整理；当前为项目改写摘要，非逐字原文。,旁边|边界|方面,边：现代主要用于表示旁边；边界；方面。常见用法如：旁边、边界、身边、一边、边防。,旁边|边界|身边|一边|边防,draft,pending,pending,pending,needs_review,variant_or_traditional|history_pending,含繁体/异体：邊；需复核简繁对应、异体来源和义项是否完全合并。
271,内,U+5185,內,U+5167,內:U+5167,nei4,冂,4,《新华字典》,现代义项含义参考《新华字典》释义体系整理；当前为项目改写摘要，非逐字原文。,里面|内部|妻子或亲近者,内：现代主要用于表示里面；内部；妻子或亲近者。常见用法如：里面、内部、国内、内容、内心。,里面|内部|国内|内容|内心,draft,pending,pending,pending,needs_review,variant_or_traditional|history_pending,含繁体/异体：內；需复核简繁对应、异体来源和义项是否完全合并。
272,外,U+5916,外,,,wai4,夕,5,《新华字典》,现代义项含义参考《新华字典》释义体系整理；当前为项目改写摘要，非逐字原文。,外面|外国|非正式|另外,外：现代主要用于表示外面；外国；非正式；另外。常见用法如：外面、外国、另外、外地、意外。,外面|外国|另外|外地|意外,draft,pending,pending,pending,none,history_pending,
273,间,U+95F4,間,U+9593,間:U+9593,jian1|jian4,门,7,《新华字典》,现代义项含义参考《新华字典》释义体系整理；当前为项目改写摘要，非逐字原文。,中间|房间|时间|间隔,间：现代主要用于表示中间；房间；时间；间隔。常见用法如：中间、房间、时间、空间、间接。,中间|房间|时间|空间|间接,draft,pending,pending,pending,needs_review,polyphonic|variant_or_traditional|history_pending,多音字：jian1、jian4；需按义项和常用词复核读音排序。|含繁体/异体：間；需复核简繁对应、异体来源和义项是否完全合并。
274,路,U+8DEF,路,,,lu4,足,13,《新华字典》,现代义项含义参考《新华字典》释义体系整理；当前为项目改写摘要，非逐字原文。,道路|路程|途径|条理,路：现代主要用于表示道路；路程；途径；条理。常见用法如：道路、马路、路线、路上、思路。,道路|马路|路线|路上|思路,draft,pending,pending,pending,none,history_pending,
275,场,U+573A,場,U+5834,場:U+5834,chang3|chang2,土,6,《新华字典》,现代义项含义参考《新华字典》释义体系整理；当前为项目改写摘要，非逐字原文。,场地|场合|量词,场：现代主要用于表示场地；场合；量词。常见用法如：广场、市场、场地、一场、场面。,广场|市场|场地|一场|场面,draft,pending,pending,pending,needs_review,polyphonic|variant_or_traditional|history_pending,多音字：chang3、chang2；需按义项和常用词复核读音排序。|含繁体/异体：場；需复核简繁对应、异体来源和义项是否完全合并。
276,教,U+6559,教,,,jiao4|jiao1,攵,11,《新华字典》,现代义项含义参考《新华字典》释义体系整理；当前为项目改写摘要，非逐字原文。,教育|教导|宗教|使学会,教：现代主要用于表示教育；教导；宗教；使学会。常见用法如：教育、教师、教学、宗教、教书。,教育|教师|教学|宗教|教书,draft,pending,pending,pending,needs_review,polyphonic|history_pending,多音字：jiao4、jiao1；需按义项和常用词复核读音排序。
277,师,U+5E08,師,U+5E2B,師:U+5E2B,shi1,巾,6,《新华字典》,现代义项含义参考《新华字典》释义体系整理；当前为项目改写摘要，非逐字原文。,老师|军队|榜样|掌握专门技艺的人,师：现代主要用于表示老师；军队；榜样；掌握专门技艺的人。常见用法如：老师、教师、师傅、师生、军师。,老师|教师|师傅|师生|军师,draft,pending,pending,pending,needs_review,variant_or_traditional|history_pending,含繁体/异体：師；需复核简繁对应、异体来源和义项是否完全合并。
278,校,U+6821,校,,,xiao4|jiao4,木,10,《新华字典》,现代义项含义参考《新华字典》释义体系整理；当前为项目改写摘要，非逐字原文。,学校|校对|军官古称,校：现代主要用于表示学校；校对；军官古称。常见用法如：学校、校园、校长、校对、母校。,学校|校园|校长|校对|母校,draft,pending,pending,pending,needs_review,polyphonic|history_pending,多音字：xiao4、jiao4；需按义项和常用词复核读音排序。
279,班,U+73ED,班,,,ban1,王,10,《新华字典》,现代义项含义参考《新华字典》释义体系整理；当前为项目改写摘要，非逐字原文。,班级|工作组织|轮班|按次序分开,班：现代主要用于表示班级；工作组织；轮班；按次序分开。常见用法如：班级、上班、班长、班车、班子。,班级|上班|班长|班车|班子,draft,pending,pending,pending,none,history_pending,
280,级,U+7EA7,級,U+7D1A,級:U+7D1A,ji2,纟,6,《新华字典》,现代义项含义参考《新华字典》释义体系整理；当前为项目改写摘要，非逐字原文。,等级|年级|台阶|层次,级：现代主要用于表示等级；年级；台阶；层次。常见用法如：年级、等级、高级、班级、级别。,年级|等级|高级|班级|级别,draft,pending,pending,pending,needs_review,variant_or_traditional|history_pending,含繁体/异体：級；需复核简繁对应、异体来源和义项是否完全合并。
281,课,U+8BFE,課,U+8AB2,課:U+8AB2,ke4,讠,10,《新华字典》,现代义项含义参考《新华字典》释义体系整理；当前为项目改写摘要，非逐字原文。,课程|上课|课业|征收,课：现代主要用于表示课程；上课；课业；征收。常见用法如：上课、课程、课文、课本、功课。,上课|课程|课文|课本|功课,draft,pending,pending,pending,needs_review,variant_or_traditional|history_pending,含繁体/异体：課；需复核简繁对应、异体来源和义项是否完全合并。
282,题,U+9898,題,U+984C,題:U+984C,ti2,页,15,《新华字典》,现代义项含义参考《新华字典》释义体系整理；当前为项目改写摘要，非逐字原文。,题目|书写|问题|签署,题：现代主要用于表示题目；书写；问题；签署。常见用法如：题目、问题、标题、主题、题词。,题目|问题|标题|主题|题词,draft,pending,pending,pending,needs_review,variant_or_traditional|history_pending,含繁体/异体：題；需复核简繁对应、异体来源和义项是否完全合并。
283,数,U+6570,數,U+6578,數:U+6578,shu4|shu3|shuo4,攵,13,《新华字典》,现代义项含义参考《新华字典》释义体系整理；当前为项目改写摘要，非逐字原文。,数目|计算|列举|责备,数：现代主要用于表示数目；计算；列举；责备。常见用法如：数字、数学、数数、次数、数据。,数字|数学|数数|次数|数据,draft,pending,pending,pending,needs_review,polyphonic|variant_or_traditional|history_pending,多音字：shu4、shu3、shuo4；需按义项和常用词复核读音排序。|含繁体/异体：數；需复核简繁对应、异体来源和义项是否完全合并。
284,词,U+8BCD,詞,U+8A5E,詞:U+8A5E,ci2,讠,7,《新华字典》,现代义项含义参考《新华字典》释义体系整理；当前为项目改写摘要，非逐字原文。,词语|文辞|语法单位,词：现代主要用于表示词语；文辞；语法单位。常见用法如：词语、歌词、名词、词典、词汇。,词语|歌词|名词|词典|词汇,draft,pending,pending,pending,needs_review,variant_or_traditional|history_pending,含繁体/异体：詞；需复核简繁对应、异体来源和义项是否完全合并。
285,话,U+8BDD,話,U+8A71,話:U+8A71,hua4,讠,8,《新华字典》,现代义项含义参考《新华字典》释义体系整理；当前为项目改写摘要，非逐字原文。,语言|说|话语,话：现代主要用于表示语言；说；话语。常见用法如：说话、电话、话语、普通话、笑话。,说话|电话|话语|普通话|笑话,draft,pending,pending,pending,needs_review,variant_or_traditional|history_pending,含繁体/异体：話；需复核简繁对应、异体来源和义项是否完全合并。
286,声,U+58F0,聲,U+8072,聲:U+8072,sheng1,士,7,《新华字典》,现代义项含义参考《新华字典》释义体系整理；当前为项目改写摘要，非逐字原文。,声音|声调|名声|声称,声：现代主要用于表示声音；声调；名声；声称。常见用法如：声音、声明、声调、名声、无声。,声音|声明|声调|名声|无声,draft,pending,pending,pending,needs_review,variant_or_traditional|history_pending,含繁体/异体：聲；需复核简繁对应、异体来源和义项是否完全合并。
287,音,U+97F3,音,,,yin1,音,9,《新华字典》,现代义项含义参考《新华字典》释义体系整理；当前为项目改写摘要，非逐字原文。,声音|音节|音乐|消息,音：现代主要用于表示声音；音节；音乐；消息。常见用法如：声音、音乐、拼音、音节、语音。,声音|音乐|拼音|音节|语音,draft,pending,pending,pending,none,history_pending,
288,读,U+8BFB,讀,U+8B80,讀:U+8B80,du2|dou4,讠,10,《新华字典》,现代义项含义参考《新华字典》释义体系整理；当前为项目改写摘要，非逐字原文。,阅读|念出|求学|字音,读：现代主要用于表示阅读；念出；求学；字音。常见用法如：读书、阅读、朗读、读音、读者。,读书|阅读|朗读|读音|读者,draft,pending,pending,pending,needs_review,polyphonic|variant_or_traditional|history_pending,多音字：du2、dou4；需按义项和常用词复核读音排序。|含繁体/异体：讀；需复核简繁对应、异体来源和义项是否完全合并。
289,写,U+5199,寫,U+5BEB,寫:U+5BEB,xie3,冖,5,《新华字典》,现代义项含义参考《新华字典》释义体系整理；当前为项目改写摘要，非逐字原文。,书写|描写|写作,写：现代主要用于表示书写；描写；写作。常见用法如：写字、书写、写作、描写、填写。,写字|书写|写作|描写|填写,draft,pending,pending,pending,needs_review,variant_or_traditional|history_pending,含繁体/异体：寫；需复核简繁对应、异体来源和义项是否完全合并。
290,画,U+753B,畫,U+756B,畫:U+756B,hua4,田,8,《新华字典》,现代义项含义参考《新华字典》释义体系整理；当前为项目改写摘要，非逐字原文。,绘画|图画|笔画|划分,画：现代主要用于表示绘画；图画；笔画；划分。常见用法如：画画、图画、笔画、画家、计划。,画画|图画|笔画|画家|计划,draft,pending,pending,pending,needs_review,variant_or_traditional|history_pending,含繁体/异体：畫；需复核简繁对应、异体来源和义项是否完全合并。
291,报,U+62A5,報,U+5831,報:U+5831,bao4,扌,7,《新华字典》,现代义项含义参考《新华字典》释义体系整理；当前为项目改写摘要，非逐字原文。,报告|报答|报纸|报复,报：现代主要用于表示报告；报答；报纸；报复。常见用法如：报告、报纸、报名、报答、日报。,报告|报纸|报名|报答|日报,draft,pending,pending,pending,needs_review,variant_or_traditional|history_pending,含繁体/异体：報；需复核简繁对应、异体来源和义项是否完全合并。
292,纸,U+7EB8,紙,U+7D19,紙:U+7D19,zhi3,纟,7,《新华字典》,现代义项含义参考《新华字典》释义体系整理；当前为项目改写摘要，非逐字原文。,纸张|量词,纸：现代主要用于表示纸张；量词。常见用法如：纸张、白纸、报纸、纸条、纸币。,纸张|白纸|报纸|纸条|纸币,draft,pending,pending,pending,needs_review,variant_or_traditional|history_pending,含繁体/异体：紙；需复核简繁对应、异体来源和义项是否完全合并。
293,电,U+7535,電,U+96FB,電:U+96FB,dian4,田,5,《新华字典》,现代义项含义参考《新华字典》释义体系整理；当前为项目改写摘要，非逐字原文。,电气现象|电能|电报电话,电：现代主要用于表示电气现象；电能；电报电话。常见用法如：电话、电视、电力、电脑、电灯。,电话|电视|电力|电脑|电灯,draft,pending,pending,pending,needs_review,variant_or_traditional|history_pending,含繁体/异体：電；需复核简繁对应、异体来源和义项是否完全合并。
294,机,U+673A,機,U+6A5F,機:U+6A5F,ji1,木,6,《新华字典》,现代义项含义参考《新华字典》释义体系整理；当前为项目改写摘要，非逐字原文。,机器|机会|机智|机关,机：现代主要用于表示机器；机会；机智；机关。常见用法如：机器、飞机、机会、手机、机关。,机器|飞机|机会|手机|机关,draft,pending,pending,pending,needs_review,variant_or_traditional|history_pending,含繁体/异体：機；需复核简繁对应、异体来源和义项是否完全合并。
295,脑,U+8111,腦,U+8166,腦:U+8166,nao3,月,10,《新华字典》,现代义项含义参考《新华字典》释义体系整理；当前为项目改写摘要，非逐字原文。,脑子|头脑|脑筋,脑：现代主要用于表示脑子；头脑；脑筋。常见用法如：大脑、电脑、头脑、脑袋、脑筋。,大脑|电脑|头脑|脑袋|脑筋,draft,pending,pending,pending,needs_review,variant_or_traditional|history_pending,含繁体/异体：腦；需复核简繁对应、异体来源和义项是否完全合并。
296,站,U+7AD9,站,,,zhan4,立,10,《新华字典》,现代义项含义参考《新华字典》释义体系整理；当前为项目改写摘要，非逐字原文。,站立|车站|停留点,站：现代主要用于表示站立；车站；停留点。常见用法如：站立、车站、网站、站台、站住。,站立|车站|网站|站台|站住,draft,pending,pending,pending,none,history_pending,
297,船,U+8239,船,,,chuan2,舟,11,《新华字典》,现代义项含义参考《新华字典》释义体系整理；当前为项目改写摘要，非逐字原文。,水上交通工具,船：现代主要用于表示水上交通工具。常见用法如：船只、轮船、小船、船长、上船。,船只|轮船|小船|船长|上船,draft,pending,pending,pending,none,history_pending,
298,空,U+7A7A,空,,,kong1|kong4,穴,8,《新华字典》,现代义项含义参考《新华字典》释义体系整理；当前为项目改写摘要，非逐字原文。,没有东西|天空|空闲|使空,空：现代主要用于表示没有东西；天空；空闲；使空。常见用法如：天空、空气、空中、空白、有空。,天空|空气|空中|空白|有空,draft,pending,pending,pending,needs_review,polyphonic|history_pending,多音字：kong1、kong4；需按义项和常用词复核读音排序。
299,海,U+6D77,海,,,hai3,氵,10,《新华字典》,现代义项含义参考《新华字典》释义体系整理；当前为项目改写摘要，非逐字原文。,大洋边缘水域|数量多|大的,海：现代主要用于表示大洋边缘水域；数量多；大的。常见用法如：大海、海洋、海水、海外、人海。,大海|海洋|海水|海外|人海,draft,pending,pending,pending,none,history_pending,
300,江,U+6C5F,江,,,jiang1,氵,6,《新华字典》,现代义项含义参考《新华字典》释义体系整理；当前为项目改写摘要，非逐字原文。,大河|长江简称,江：现代主要用于表示大河；长江简称。常见用法如：长江、江河、江南、江水、江山。,长江|江河|江南|江水|江山,draft,pending,pending,pending,none,history_pending,
301,河,U+6CB3,河,,,he2,氵,8,《新华字典》,现代义项含义参考《新华字典》释义体系整理；当前为项目改写摘要，非逐字原文。,河流|银河,河：现代主要用于表示河流；银河。常见用法如：河流、黄河、河水、河边、银河。,河流|黄河|河水|河边|银河,draft,pending,pending,pending,none,history_pending,
302,湖,U+6E56,湖,,,hu2,氵,12,《新华字典》,现代义项含义参考《新华字典》释义体系整理；当前为项目改写摘要，非逐字原文。,陆地上的大片积水,湖：现代主要用于表示陆地上的大片积水。常见用法如：湖水、湖泊、西湖、江湖、湖边。,湖水|湖泊|西湖|江湖|湖边,draft,pending,pending,pending,none,history_pending,
303,洋,U+6D0B,洋,,,yang2,氵,9,《新华字典》,现代义项含义参考《新华字典》释义体系整理；当前为项目改写摘要，非逐字原文。,海洋|广大|外国的|银元,洋：现代主要用于表示海洋；广大；外国的；银元。常见用法如：海洋、大洋、洋气、洋人、太平洋。,海洋|大洋|洋气|洋人|太平洋,draft,pending,pending,pending,none,history_pending,
304,岛,U+5C9B,島,U+5CF6,島:U+5CF6,dao3,山,7,《新华字典》,现代义项含义参考《新华字典》释义体系整理；当前为项目改写摘要，非逐字原文。,水中陆地,岛：现代主要用于表示水中陆地。常见用法如：岛屿、海岛、半岛、岛国、小岛。,岛屿|海岛|半岛|岛国|小岛,draft,pending,pending,pending,needs_review,variant_or_traditional|history_pending,含繁体/异体：島；需复核简繁对应、异体来源和义项是否完全合并。
305,村,U+6751,村,,,cun1,木,7,《新华字典》,现代义项含义参考《新华字典》释义体系整理；当前为项目改写摘要，非逐字原文。,村庄|粗俗,村：现代主要用于表示村庄；粗俗。常见用法如：农村、村庄、村民、乡村、村子。,农村|村庄|村民|乡村|村子,draft,pending,pending,pending,none,history_pending,
306,农,U+519C,農,U+8FB2,農:U+8FB2,nong2,冖,6,《新华字典》,现代义项含义参考《新华字典》释义体系整理；当前为项目改写摘要，非逐字原文。,农业|农民|种田,农：现代主要用于表示农业；农民；种田。常见用法如：农业、农民、农村、农田、农作物。,农业|农民|农村|农田|农作物,draft,pending,pending,pending,needs_review,variant_or_traditional|history_pending,含繁体/异体：農；需复核简繁对应、异体来源和义项是否完全合并。
307,田,U+7530,田,,,tian2,田,5,《新华字典》,现代义项含义参考《新华字典》释义体系整理；当前为项目改写摘要，非逐字原文。,田地|耕种土地|矿田,田：现代主要用于表示田地；耕种土地；矿田。常见用法如：田地、农田、田野、油田、种田。,田地|农田|田野|油田|种田,draft,pending,pending,pending,none,history_pending,
308,米,U+7C73,米,,,mi3,米,6,《新华字典》,现代义项含义参考《新华字典》释义体系整理；当前为项目改写摘要，非逐字原文。,谷物去壳后的籽实|长度单位,米：现代主要用于表示谷物去壳后的籽实；长度单位。常见用法如：大米、米饭、米粒、厘米、玉米。,大米|米饭|米粒|厘米|玉米,draft,pending,pending,pending,none,history_pending,
309,肉,U+8089,肉,,,rou4,肉,6,《新华字典》,现代义项含义参考《新华字典》释义体系整理；当前为项目改写摘要，非逐字原文。,动物肌肉|果肉|肉体,肉：现代主要用于表示动物肌肉；果肉；肉体。常见用法如：肉类、猪肉、肌肉、果肉、肉体。,肉类|猪肉|肌肉|果肉|肉体,draft,pending,pending,pending,none,history_pending,
310,菜,U+83DC,菜,,,cai4,艹,11,《新华字典》,现代义项含义参考《新华字典》释义体系整理；当前为项目改写摘要，非逐字原文。,蔬菜|菜肴,菜：现代主要用于表示蔬菜；菜肴。常见用法如：蔬菜、白菜、饭菜、菜园、菜市场。,蔬菜|白菜|饭菜|菜园|菜市场,draft,pending,pending,pending,none,history_pending,
311,产,U+4EA7,產,U+7522,產:U+7522,chan3,亠,6,《新华字典》,现代义项含义参考《新华字典》释义体系整理；当前为项目改写摘要，非逐字原文。,生出|生产|产品|产业,产：现代主要用于表示生出；生产；产品；产业。常见用法如：生产、产品、产业、财产、产量。,生产|产品|产业|财产|产量,draft,pending,pending,pending,needs_review,variant_or_traditional|history_pending,含繁体/异体：產；需复核简繁对应、异体来源和义项是否完全合并。
312,品,U+54C1,品,,,pin3,口,9,《新华字典》,现代义项含义参考《新华字典》释义体系整理；当前为项目改写摘要，非逐字原文。,物品|品质|品级|品尝,品：现代主要用于表示物品；品质；品级；品尝。常见用法如：物品、产品、品质、食品、品种。,物品|产品|品质|食品|品种,draft,pending,pending,pending,none,history_pending,
313,社,U+793E,社,,,she4,礻,7,《新华字典》,现代义项含义参考《新华字典》释义体系整理；当前为项目改写摘要，非逐字原文。,土地神|团体|社会|社团,社：现代主要用于表示土地神；团体；社会；社团。常见用法如：社会、社团、报社、社区、社员。,社会|社团|报社|社区|社员,draft,pending,pending,pending,none,history_pending,
314,计,U+8BA1,計,U+8A08,計:U+8A08,ji4,讠,4,《新华字典》,现代义项含义参考《新华字典》释义体系整理；当前为项目改写摘要，非逐字原文。,计算|计划|计谋|计较,计：现代主要用于表示计算；计划；计谋；计较。常见用法如：计划、计算、统计、会计、设计。,计划|计算|统计|会计|设计,draft,pending,pending,pending,needs_review,variant_or_traditional|history_pending,含繁体/异体：計；需复核简繁对应、异体来源和义项是否完全合并。
315,定,U+5B9A,定,,,ding4,宀,8,《新华字典》,现代义项含义参考《新华字典》释义体系整理；当前为项目改写摘要，非逐字原文。,安定|确定|规定|预定,定：现代主要用于表示安定；确定；规定；预定。常见用法如：一定、决定、规定、安定、确定。,一定|决定|规定|安定|确定,draft,pending,pending,pending,none,history_pending,
316,分,U+5206,分,,,fen1|fen4,刀,4,《新华字典》,现代义项含义参考《新华字典》释义体系整理；当前为项目改写摘要，非逐字原文。,分开|部分|分数|职责,分：现代主要用于表示分开；部分；分数；职责。常见用法如：分别、部分、分钟、分数、身份。,分别|部分|分钟|分数|身份,draft,pending,pending,pending,needs_review,polyphonic|history_pending,多音字：fen1、fen4；需按义项和常用词复核读音排序。
317,合,U+5408,合,,,he2|ge3,口,6,《新华字典》,现代义项含义参考《新华字典》释义体系整理；当前为项目改写摘要，非逐字原文。,闭合|聚合|符合|全,合：现代主要用于表示闭合；聚合；符合；全。常见用法如：合作、合适、合并、合同、综合。,合作|合适|合并|合同|综合,draft,pending,pending,pending,needs_review,polyphonic|history_pending,多音字：he2、ge3；需按义项和常用词复核读音排序。
318,更,U+66F4,更,,,geng1|geng4,曰,7,《新华字典》,现代义项含义参考《新华字典》释义体系整理；当前为项目改写摘要，非逐字原文。,改变|经历|更加|更替,更：现代主要用于表示改变；经历；更加；更替。常见用法如：更加、更好、更改、更新、三更。,更加|更好|更改|更新|三更,draft,pending,pending,pending,needs_review,polyphonic|history_pending,多音字：geng1、geng4；需按义项和常用词复核读音排序。
319,最,U+6700,最,,,zui4,曰,12,《新华字典》,现代义项含义参考《新华字典》释义体系整理；当前为项目改写摘要，非逐字原文。,极端|居首|最高程度,最：现代主要用于表示极端；居首；最高程度。常见用法如：最好、最近、最后、最多、最初。,最好|最近|最后|最多|最初,draft,pending,pending,pending,none,history_pending,
320,每,U+6BCF,每,,,mei3,母,7,《新华字典》,现代义项含义参考《新华字典》释义体系整理；当前为项目改写摘要，非逐字原文。,各个|每逢|每次,每：现代主要用于表示各个；每逢；每次。常见用法如：每天、每年、每个、每次、每当。,每天|每年|每个|每次|每当,draft,pending,pending,pending,none,history_pending,
321,全,U+5168,全,,,quan2,入,6,《新华字典》,现代义项含义参考《新华字典》释义体系整理；当前为项目改写摘要，非逐字原文。,完整|全部|保全,全：现代主要用于表示完整；全部；保全。常见用法如：全部、完全、全国、安全、全体。,全部|完全|全国|安全|全体,draft,pending,pending,pending,none,history_pending,
322,本,U+672C,本,,,ben3,木,5,《新华字典》,现代义项含义参考《新华字典》释义体系整理；当前为项目改写摘要，非逐字原文。,草木的根|根本|原来|书册|量词,本：现代主要用于表示草木的根；根本；原来；书册；量词。常见用法如：本来、根本、书本、本事、本地。,本来|根本|书本|本事|本地,draft,pending,pending,pending,none,history_pending,
323,当,U+5F53,當,U+7576,當:U+7576,dang1|dang4,彐,6,《新华字典》,现代义项含义参考《新华字典》释义体系整理；当前为项目改写摘要，非逐字原文。,担任|承受|正值|应当|抵押或合适,当：现代主要用于表示担任；承受；正值；应当；抵押或合适。常见用法如：当时、当然、应当、担当、当铺。,当时|当然|应当|担当|当铺,draft,pending,pending,pending,needs_review,polyphonic|variant_or_traditional|history_pending,多音字：dang1、dang4；需按义项和常用词复核读音排序。|含繁体/异体：當；需复核简繁对应、异体来源和义项是否完全合并。
324,正,U+6B63,正,,,zheng4|zheng1,止,5,《新华字典》,现代义项含义参考《新华字典》释义体系整理；当前为项目改写摘要，非逐字原文。,不偏斜|合乎标准|改正|恰好|农历正月,正：现代主要用于表示不偏斜；合乎标准；改正；恰好；农历正月。常见用法如：正在、正确、正式、正月、改正。,正在|正确|正式|正月|改正,draft,pending,pending,pending,needs_review,polyphonic|history_pending,多音字：zheng4、zheng1；需按义项和常用词复核读音排序。
325,动,U+52A8,動,U+52D5,動:U+52D5,dong4,力,6,《新华字典》,现代义项含义参考《新华字典》释义体系整理；当前为项目改写摘要，非逐字原文。,改变位置|行动|感动|使用,动：现代主要用于表示改变位置；行动；感动；使用。常见用法如：运动、动作、动物、动人、活动。,运动|动作|动物|动人|活动,draft,pending,pending,pending,needs_review,variant_or_traditional|history_pending,含繁体/异体：動；需复核简繁对应、异体来源和义项是否完全合并。
326,平,U+5E73,平,,,ping2,干,5,《新华字典》,现代义项含义参考《新华字典》释义体系整理；当前为项目改写摘要，非逐字原文。,表面不倾斜|平安|相等|平常|使平定,平：现代主要用于表示表面不倾斜；平安；相等；平常；使平定。常见用法如：平安、平时、公平、水平、平原。,平安|平时|公平|水平|平原,draft,pending,pending,pending,none,history_pending,
327,加,U+52A0,加,,,jia1,力,5,《新华字典》,现代义项含义参考《新华字典》释义体系整理；当前为项目改写摘要，非逐字原文。,增加|放在一起|施加|数学运算,加：现代主要用于表示增加；放在一起；施加；数学运算。常见用法如：加上、加法、参加、增加、加工。,加上|加法|参加|增加|加工,draft,pending,pending,pending,none,history_pending,
328,比,U+6BD4,比,,,bi3,比,4,《新华字典》,现代义项含义参考《新华字典》释义体系整理；当前为项目改写摘要，非逐字原文。,比较|挨着|比方|比赛|比例,比：现代主要用于表示比较；挨着；比方；比赛；比例。常见用法如：比较、比赛、比如、比例、对比。,比较|比赛|比如|比例|对比,draft,pending,pending,pending,none,history_pending,
329,化,U+5316,化,,,hua4,亻,4,《新华字典》,现代义项含义参考《新华字典》释义体系整理；当前为项目改写摘要，非逐字原文。,变化|使改变|感化|化学简称用字,化：现代主要用于表示变化；使改变；感化；化学简称用字。常见用法如：变化、文化、化学、现代化、消化。,变化|文化|化学|现代化|消化,draft,pending,pending,pending,none,history_pending,
330,明,U+660E,明,,,ming2,日,8,《新华字典》,现代义项含义参考《新华字典》释义体系整理；当前为项目改写摘要，非逐字原文。,明亮|清楚|公开|次于今日或今年的,明：现代主要用于表示明亮；清楚；公开；次于今日或今年的。常见用法如：明天、明白、说明、明亮、文明。,明天|明白|说明|明亮|文明,draft,pending,pending,pending,none,history_pending,
331,通,U+901A,通,,,tong1|tong4,辶,10,《新华字典》,现代义项含义参考《新华字典》释义体系整理；当前为项目改写摘要，非逐字原文。,没有阻碍|懂得|普遍|连接|量词,通：现代主要用于表示没有阻碍；懂得；普遍；连接；量词。常见用法如：通过、通知、交通、普通、通道。,通过|通知|交通|普通|通道,draft,pending,pending,pending,needs_review,polyphonic|history_pending,多音字：tong1、tong4；需按义项和常用词复核读音排序。
332,接,U+63A5,接,,,jie1,扌,11,《新华字典》,现代义项含义参考《新华字典》释义体系整理；当前为项目改写摘要，非逐字原文。,靠近或连接|承受|迎接|继续,接：现代主要用于表示靠近或连接；承受；迎接；继续。常见用法如：接受、接着、连接、接近、接待。,接受|接着|连接|接近|接待,draft,pending,pending,pending,none,history_pending,
333,交,U+4EA4,交,,,jiao1,亠,6,《新华字典》,现代义项含义参考《新华字典》释义体系整理；当前为项目改写摘要，非逐字原文。,互相来往|交叉|交给|时间相接,交：现代主要用于表示互相来往；交叉；交给；时间相接。常见用法如：交流、交通、交给、交朋友、交叉。,交流|交通|交给|交朋友|交叉,draft,pending,pending,pending,none,history_pending,
334,持,U+6301,持,,,chi2,扌,9,《新华字典》,现代义项含义参考《新华字典》释义体系整理；当前为项目改写摘要，非逐字原文。,拿着|保持|掌管|支持,持：现代主要用于表示拿着；保持；掌管；支持。常见用法如：坚持、保持、支持、持有、主持。,坚持|保持|支持|持有|主持,draft,pending,pending,pending,none,history_pending,
335,指,U+6307,指,,,zhi3,扌,9,《新华字典》,现代义项含义参考《新华字典》释义体系整理；当前为项目改写摘要，非逐字原文。,手指|指向|指明|依靠或盼望,指：现代主要用于表示手指；指向；指明；依靠或盼望。常见用法如：手指、指出、指导、指示、指望。,手指|指出|指导|指示|指望,draft,pending,pending,pending,none,history_pending,
336,求,U+6C42,求,,,qiu2,水,7,《新华字典》,现代义项含义参考《新华字典》释义体系整理；当前为项目改写摘要，非逐字原文。,请求|追求|寻找|需要,求：现代主要用于表示请求；追求；寻找；需要。常见用法如：要求、请求、追求、求学、需求。,要求|请求|追求|求学|需求,draft,pending,pending,pending,none,history_pending,
337,取,U+53D6,取,,,qu3,又,8,《新华字典》,现代义项含义参考《新华字典》释义体系整理；当前为项目改写摘要，非逐字原文。,拿到|选择|得到|采用,取：现代主要用于表示拿到；选择；得到；采用。常见用法如：取得、取出、采取、取消、选取。,取得|取出|采取|取消|选取,draft,pending,pending,pending,none,history_pending,
338,受,U+53D7,受,,,shou4,又,8,《新华字典》,现代义项含义参考《新华字典》释义体系整理；当前为项目改写摘要，非逐字原文。,接受|遭到|忍耐|适合,受：现代主要用于表示接受；遭到；忍耐；适合。常见用法如：接受、受到、感受、受伤、享受。,接受|受到|感受|受伤|享受,draft,pending,pending,pending,none,history_pending,
339,解,U+89E3,解,,,jie3|jie4|xie4,角,13,《新华字典》,现代义项含义参考《新华字典》释义体系整理；当前为项目改写摘要，非逐字原文。,分开|说明|解除|懂得|押送或姓氏读音,解：现代主要用于表示分开；说明；解除；懂得；押送或姓氏读音。常见用法如：解决、解释、了解、解放、解送。,解决|解释|了解|解放|解送,draft,pending,pending,pending,needs_review,polyphonic|history_pending,多音字：jie3、jie4、xie4；需按义项和常用词复核读音排序。
340,流,U+6D41,流,,,liu2,氵,10,《新华字典》,现代义项含义参考《新华字典》释义体系整理；当前为项目改写摘要，非逐字原文。,液体移动|传播|流派|不固定,流：现代主要用于表示液体移动；传播；流派；不固定。常见用法如：流水、流动、交流、流行、河流。,流水|流动|交流|流行|河流,draft,pending,pending,pending,none,history_pending,
341,深,U+6DF1,深,,,shen1,氵,11,《新华字典》,现代义项含义参考《新华字典》释义体系整理；当前为项目改写摘要，非逐字原文。,从上到下距离大|程度高|深奥|久远,深：现代主要用于表示从上到下距离大；程度高；深奥；久远。常见用法如：深处、深刻、深夜、深入、深山。,深处|深刻|深夜|深入|深山,draft,pending,pending,pending,none,history_pending,
342,清,U+6E05,清,,,qing1,氵,11,《新华字典》,现代义项含义参考《新华字典》释义体系整理；当前为项目改写摘要，非逐字原文。,洁净|清楚|清除|清静,清：现代主要用于表示洁净；清楚；清除；清静。常见用法如：清水、清楚、清洁、清早、清理。,清水|清楚|清洁|清早|清理,draft,pending,pending,pending,none,history_pending,
343,活,U+6D3B,活,,,huo2,氵,9,《新华字典》,现代义项含义参考《新华字典》释义体系整理；当前为项目改写摘要，非逐字原文。,有生命|生动|灵活|工作或产品,活：现代主要用于表示有生命；生动；灵活；工作或产品。常见用法如：生活、活动、活着、活力、干活。,生活|活动|活着|活力|干活,draft,pending,pending,pending,none,history_pending,
344,然,U+7136,然,,,ran2,灬,12,《新华字典》,现代义项含义参考《新华字典》释义体系整理；当前为项目改写摘要，非逐字原文。,这样|对或不错|词尾|燃烧古义相关,然：现代主要用于表示这样；对或不错；词尾；燃烧古义相关。常见用法如：然后、自然、虽然、当然、果然。,然后|自然|虽然|当然|果然,draft,pending,pending,pending,none,history_pending,
345,特,U+7279,特,,,te4,牜,10,《新华字典》,现代义项含义参考《新华字典》释义体系整理；当前为项目改写摘要，非逐字原文。,特殊|格外|专门|特别的事物,特：现代主要用于表示特殊；格外；专门；特别的事物。常见用法如：特别、特点、特殊、特地、特长。,特别|特点|特殊|特地|特长,draft,pending,pending,pending,none,history_pending,
346,别,U+522B,別,U+5225,別:U+5225,bie2|bie4,刂,7,《新华字典》,现代义项含义参考《新华字典》释义体系整理；当前为项目改写摘要，非逐字原文。,分离|另外|区别|不要|别扭读音,别：现代主要用于表示分离；另外；区别；不要；别扭读音。常见用法如：别人、分别、特别、区别、别说。,别人|分别|特别|区别|别说,draft,pending,pending,pending,needs_review,polyphonic|variant_or_traditional|history_pending,多音字：bie2、bie4；需按义项和常用词复核读音排序。|含繁体/异体：別；需复核简繁对应、异体来源和义项是否完全合并。
347,表,U+8868,表,,,biao3,衣,8,《新华字典》,现代义项含义参考《新华字典》释义体系整理；当前为项目改写摘要，非逐字原文。,外面|显示|表格|计时器具|亲属关系,表：现代主要用于表示外面；显示；表格；计时器具；亲属关系。常见用法如：表示、表面、手表、表格、代表。,表示|表面|手表|表格|代表,draft,pending,pending,pending,none,history_pending,
348,常,U+5E38,常,,,chang2,巾,11,《新华字典》,现代义项含义参考《新华字典》释义体系整理；当前为项目改写摘要，非逐字原文。,普通|经常|固定不变|法度,常：现代主要用于表示普通；经常；固定不变；法度。常见用法如：常常、经常、平常、正常、常识。,常常|经常|平常|正常|常识,draft,pending,pending,pending,none,history_pending,
349,此,U+6B64,此,,,ci3,止,6,《新华字典》,现代义项含义参考《新华字典》释义体系整理；当前为项目改写摘要，非逐字原文。,这个|这里|这样,此：现代主要用于表示这个；这里；这样。常见用法如：因此、此时、从此、彼此、此地。,因此|此时|从此|彼此|此地,draft,pending,pending,pending,none,history_pending,
350,必,U+5FC5,必,,,bi4,心,5,《新华字典》,现代义项含义参考《新华字典》释义体系整理；当前为项目改写摘要，非逐字原文。,一定|必须|必然,必：现代主要用于表示一定；必须；必然。常见用法如：必须、必要、必定、未必、必然。,必须|必要|必定|未必|必然,draft,pending,pending,pending,none,history_pending,
351,果,U+679C,果,,,guo3,木,8,《新华字典》,现代义项含义参考《新华字典》释义体系整理；当前为项目改写摘要，非逐字原文。,果实|结果|果然|坚决,果：现代主要用于表示果实；结果；果然；坚决。常见用法如：水果、结果、果然、如果、果实。,水果|结果|果然|如果|果实,draft,pending,pending,pending,none,history_pending,
352,先,U+5148,先,,,xian1,儿,6,《新华字典》,现代义项含义参考《新华字典》释义体系整理；当前为项目改写摘要，非逐字原文。,时间或次序在前|祖先|暂且|领先,先：现代主要用于表示时间或次序在前；祖先；暂且；领先。常见用法如：先生、先后、首先、祖先、先进。,先生|先后|首先|祖先|先进,draft,pending,pending,pending,none,history_pending,
353,者,U+8005,者,,,zhe3,耂,8,《新华字典》,现代义项含义参考《新华字典》释义体系整理；当前为项目改写摘要，非逐字原文。,指人或事物|语气助词|表示某类身份,者：现代主要用于表示指人或事物；语气助词；表示某类身份。常见用法如：作者、记者、读者、或者、学者。,作者|记者|读者|或者|学者,draft,pending,pending,pending,none,history_pending,
354,并,U+5E76,並|并,U+4E26,並:U+4E26,bing4|bing1,干,6,《新华字典》,现代义项含义参考《新华字典》释义体系整理；当前为项目改写摘要，非逐字原文。,合在一起|同时|并且|并州简称读音,并：现代主要用于表示合在一起；同时；并且；并州简称读音。常见用法如：并且、合并、并列、并不、一并。,并且|合并|并列|并不|一并,draft,pending,pending,pending,needs_review,polyphonic|variant_or_traditional|history_pending,多音字：bing4、bing1；需按义项和常用词复核读音排序。|含繁体/异体：並；需复核简繁对应、异体来源和义项是否完全合并。
355,经,U+7ECF,經,U+7D93,經:U+7D93,jing1,纟,8,《新华字典》,现代义项含义参考《新华字典》释义体系整理；当前为项目改写摘要，非逐字原文。,织物纵线|经过|经营|经典|常规,经：现代主要用于表示织物纵线；经过；经营；经典；常规。常见用法如：经过、经济、已经、经验、经常。,经过|经济|已经|经验|经常,draft,pending,pending,pending,needs_review,variant_or_traditional|history_pending,含繁体/异体：經；需复核简繁对应、异体来源和义项是否完全合并。
356,已,U+5DF2,已,,,yi3,已,3,《新华字典》,现代义项含义参考《新华字典》释义体系整理；当前为项目改写摘要，非逐字原文。,已经|停止|后来,已：现代主要用于表示已经；停止；后来。常见用法如：已经、而已、已知、已往、不已。,已经|而已|已知|已往|不已,draft,pending,pending,pending,none,history_pending,
357,尔,U+5C14,爾,U+723E,爾:U+723E,er3,小,5,《新华字典》,现代义项含义参考《新华字典》释义体系整理；当前为项目改写摘要，非逐字原文。,你|如此|词尾或音译用字,尔：现代主要用于表示你；如此；词尾或音译用字。常见用法如：偶尔、尔后、出尔反尔、哈尔滨、卓尔。,偶尔|尔后|出尔反尔|哈尔滨|卓尔,draft,pending,pending,pending,needs_review,variant_or_traditional|history_pending,含繁体/异体：爾；需复核简繁对应、异体来源和义项是否完全合并。
358,第,U+7B2C,第,,,di4,竹,11,《新华字典》,现代义项含义参考《新华字典》释义体系整理；当前为项目改写摘要，非逐字原文。,次序|科第|府第,第：现代主要用于表示次序；科第；府第。常见用法如：第一、次第、及第、府第、门第。,第一|次第|及第|府第|门第,draft,pending,pending,pending,none,history_pending,
359,式,U+5F0F,式,,,shi4,弋,6,《新华字典》,现代义项含义参考《新华字典》释义体系整理；当前为项目改写摘要，非逐字原文。,样子|格式|仪式|公式,式：现代主要用于表示样子；格式；仪式；公式。常见用法如：方式、形式、格式、仪式、公式。,方式|形式|格式|仪式|公式,draft,pending,pending,pending,none,history_pending,
360,色,U+8272,色,,,se4|shai3,色,6,《新华字典》,现代义项含义参考《新华字典》释义体系整理；当前为项目改写摘要，非逐字原文。,颜色|脸色|景象|种类|口语颜色读音,色：现代主要用于表示颜色；脸色；景象；种类；口语颜色读音。常见用法如：颜色、红色、色彩、脸色、掉色。,颜色|红色|色彩|脸色|掉色,draft,pending,pending,pending,needs_review,polyphonic|history_pending,多音字：se4、shai3；需按义项和常用词复核读音排序。
361,样,U+6837,樣,U+6A23,樣:U+6A23,yang4,木,10,《新华字典》,现代义项含义参考《新华字典》释义体系整理；当前为项目改写摘要，非逐字原文。,形状|种类|样品|榜样,样：现代主要用于表示形状；种类；样品；榜样。常见用法如：样子、一样、这样、样品、榜样。,样子|一样|这样|样品|榜样,draft,pending,pending,pending,needs_review,variant_or_traditional|history_pending,含繁体/异体：樣；需复核简繁对应、异体来源和义项是否完全合并。
362,形,U+5F62,形,,,xing2,彡,7,《新华字典》,现代义项含义参考《新华字典》释义体系整理；当前为项目改写摘要，非逐字原文。,形状|表现出来|对照或比较,形：现代主要用于表示形状；表现出来；对照或比较。常见用法如：形状、形式、形成、形容、图形。,形状|形式|形成|形容|图形,draft,pending,pending,pending,none,history_pending,
363,象,U+8C61,象,,,xiang4,豕,11,《新华字典》,现代义项含义参考《新华字典》释义体系整理；当前为项目改写摘要，非逐字原文。,大象|形状样子|仿效|自然或社会现象,象：现代主要用于表示大象；形状样子；仿效；自然或社会现象。常见用法如：大象、象征、现象、想象、气象。,大象|象征|现象|想象|气象,draft,pending,pending,pending,none,history_pending,
364,情,U+60C5,情,,,qing2,忄,11,《新华字典》,现代义项含义参考《新华字典》释义体系整理；当前为项目改写摘要，非逐字原文。,感情|情况|情面|男女感情,情：现代主要用于表示感情；情况；情面；男女感情。常见用法如：情况、感情、事情、友情、情节。,情况|感情|事情|友情|情节,draft,pending,pending,pending,none,history_pending,
365,则,U+5219,則,U+5247,則:U+5247,ze2,刂,6,《新华字典》,现代义项含义参考《新华字典》释义体系整理；当前为项目改写摘要，非逐字原文。,规范|就|表示转折或承接|量词,则：现代主要用于表示规范；就；表示转折或承接；量词。常见用法如：原则、规则、否则、法则、一则。,原则|规则|否则|法则|一则,draft,pending,pending,pending,needs_review,variant_or_traditional|history_pending,含繁体/异体：則；需复核简繁对应、异体来源和义项是否完全合并。
366,直,U+76F4,直,,,zhi2,目,8,《新华字典》,现代义项含义参考《新华字典》释义体系整理；当前为项目改写摘要，非逐字原文。,不弯曲|正直|直接|一直|值班,直：现代主要用于表示不弯曲；正直；直接；一直；值班。常见用法如：一直、直接、正直、直线、直达。,一直|直接|正直|直线|直达,draft,pending,pending,pending,none,history_pending,
367,光,U+5149,光,,,guang1,儿,6,《新华字典》,现代义项含义参考《新华字典》释义体系整理；当前为项目改写摘要，非逐字原文。,光线|明亮|光荣|只或完了|景物,光：现代主要用于表示光线；明亮；光荣；只或完了；景物。常见用法如：阳光、光明、风光、光荣、用光。,阳光|光明|风光|光荣|用光,draft,pending,pending,pending,none,history_pending,
368,原,U+539F,原,,,yuan2,厂,10,《新华字典》,现代义项含义参考《新华字典》释义体系整理；当前为项目改写摘要，非逐字原文。,最初|原来|宽广平地|谅解,原：现代主要用于表示最初；原来；宽广平地；谅解。常见用法如：原来、原因、原野、原谅、原则。,原来|原因|原野|原谅|原则,draft,pending,pending,pending,none,history_pending,
369,改,U+6539,改,,,gai3,攵,7,《新华字典》,现代义项含义参考《新华字典》释义体系整理；当前为项目改写摘要，非逐字原文。,改变|修改|改正,改：现代主要用于表示改变；修改；改正。常见用法如：改变、改革、改正、修改、改进。,改变|改革|改正|修改|改进,draft,pending,pending,pending,none,history_pending,
370,总,U+603B,總,U+7E3D,總:U+7E3D,zong3,心,9,《新华字典》,现代义项含义参考《新华字典》释义体系整理；当前为项目改写摘要，非逐字原文。,总括|全部|一直|总是|首领或统管,总：现代主要用于表示总括；全部；一直；总是；首领或统管。常见用法如：总是、总共、总结、总理、总数。,总是|总共|总结|总理|总数,draft,pending,pending,pending,needs_review,variant_or_traditional|history_pending,含繁体/异体：總；需复核简繁对应、异体来源和义项是否完全合并。
371,结,U+7ED3,結,U+7D50,結:U+7D50,jie2|jie1,纟,9,《新华字典》,现代义项含义参考《新华字典》释义体系整理；当前为项目改写摘要，非逐字原文。,系在一起|结合|结束|凝成块状|植物结果读音,结：现代主要用于表示系在一起；结合；结束；凝成块状；植物结果读音。常见用法如：结果、结束、结合、结实、总结。,结果|结束|结合|结实|总结,draft,pending,pending,pending,needs_review,polyphonic|variant_or_traditional|history_pending,多音字：jie2、jie1；需按义项和常用词复核读音排序。|含繁体/异体：結；需复核简繁对应、异体来源和义项是否完全合并。
372,管,U+7BA1,管,,,guan3,竹,14,《新华字典》,现代义项含义参考《新华字典》释义体系整理；当前为项目改写摘要，非逐字原文。,管子|管理|负责|管辖|吹奏乐器,管：现代主要用于表示管子；管理；负责；管辖；吹奏乐器。常见用法如：管理、不管、管道、主管、管家。,管理|不管|管道|主管|管家,draft,pending,pending,pending,none,history_pending,
373,强,U+5F3A,強|彊,U+5F37,強:U+5F37|彊:U+5F4A,qiang2|qiang3|jiang4,弓,12,《新华字典》,现代义项含义参考《新华字典》释义体系整理；当前为项目改写摘要，非逐字原文。,力量大|程度高|使有力|勉强|固执读音,强：现代主要用于表示力量大；程度高；使有力；勉强；固执读音。常见用法如：强大、加强、坚强、勉强、倔强。,强大|加强|坚强|勉强|倔强,draft,pending,pending,pending,needs_review,polyphonic|variant_or_traditional|simplified_merge_or_multi_variant|history_pending,多音字：qiang2、qiang3、jiang4；需按义项和常用词复核读音排序。|含繁体/异体：強、彊；需复核简繁对应、异体来源和义项是否完全合并。|简化合并或多异体入口：强 对应 強、彊；历史层建议拆分来源线索。
374,难,U+96BE,難,U+96E3,難:U+96E3,nan2|nan4,隹,10,《新华字典》,现代义项含义参考《新华字典》释义体系整理；当前为项目改写摘要，非逐字原文。,不容易|不好|灾祸或责难读音,难：现代主要用于表示不容易；不好；灾祸或责难读音。常见用法如：困难、难过、难道、灾难、责难。,困难|难过|难道|灾难|责难,draft,pending,pending,pending,needs_review,polyphonic|variant_or_traditional|history_pending,多音字：nan2、nan4；需按义项和常用词复核读音排序。|含繁体/异体：難；需复核简繁对应、异体来源和义项是否完全合并。
375,需,U+9700,需,,,xu1,雨,14,《新华字典》,现代义项含义参考《新华字典》释义体系整理；当前为项目改写摘要，非逐字原文。,需要|需求|需用,需：现代主要用于表示需要；需求；需用。常见用法如：需要、需求、必需、需用、军需。,需要|需求|必需|需用|军需,draft,pending,pending,pending,none,history_pending,
376,备,U+5907,備,U+5099,備:U+5099,bei4,夂,8,《新华字典》,现代义项含义参考《新华字典》释义体系整理；当前为项目改写摘要，非逐字原文。,具备|准备|设备|防备,备：现代主要用于表示具备；准备；设备；防备。常见用法如：准备、设备、具备、备用、防备。,准备|设备|具备|备用|防备,draft,pending,pending,pending,needs_review,variant_or_traditional|history_pending,含繁体/异体：備；需复核简繁对应、异体来源和义项是否完全合并。
377,安,U+5B89,安,,,an1,宀,6,《新华字典》,现代义项含义参考《新华字典》释义体系整理；当前为项目改写摘要，非逐字原文。,平安|安定|安装|安心|疑问代词古义,安：现代主要用于表示平安；安定；安装；安心；疑问代词古义。常见用法如：安全、平安、安排、安装、安心。,安全|平安|安排|安装|安心,draft,pending,pending,pending,none,history_pending,
378,究,U+7A76,究,,,jiu1,穴,7,《新华字典》,现代义项含义参考《新华字典》释义体系整理；当前为项目改写摘要，非逐字原文。,追查|研究|到底,究：现代主要用于表示追查；研究；到底。常见用法如：研究、究竟、追究、讲究、探究。,研究|究竟|追究|讲究|探究,draft,pending,pending,pending,none,history_pending,
379,达,U+8FBE,達,U+9054,達:U+9054,da2,辶,6,《新华字典》,现代义项含义参考《新华字典》释义体系整理；当前为项目改写摘要，非逐字原文。,到达|通晓|实现|表达,达：现代主要用于表示到达；通晓；实现；表达。常见用法如：达到、发达、到达、表达、达成。,达到|发达|到达|表达|达成,draft,pending,pending,pending,needs_review,variant_or_traditional|history_pending,含繁体/异体：達；需复核简繁对应、异体来源和义项是否完全合并。
380,据,U+636E,據,U+64DA,據:U+64DA,ju4|ju1,扌,11,《新华字典》,现代义项含义参考《新华字典》释义体系整理；当前为项目改写摘要，非逐字原文。,占据|凭借|根据|按着|拮据读音,据：现代主要用于表示占据；凭借；根据；按着；拮据读音。常见用法如：根据、数据、据说、占据、拮据。,根据|数据|据说|占据|拮据,draft,pending,pending,pending,needs_review,polyphonic|variant_or_traditional|history_pending,多音字：ju4、ju1；需按义项和常用词复核读音排序。|含繁体/异体：據；需复核简繁对应、异体来源和义项是否完全合并。
381,际,U+9645,際,U+969B,際:U+969B,ji4,阝,7,《新华字典》,现代义项含义参考《新华字典》释义体系整理；当前为项目改写摘要，非逐字原文。,边界|时候|彼此之间|交会,际：现代主要用于表示边界；时候；彼此之间；交会。常见用法如：国际、实际、边际、之际、交际。,国际|实际|边际|之际|交际,draft,pending,pending,pending,needs_review,variant_or_traditional|history_pending,含繁体/异体：際；需复核简繁对应、异体来源和义项是否完全合并。
382,历,U+5386,歷|曆,U+6B77,歷:U+6B77|曆:U+66C6,li4,厂,4,《新华字典》,现代义项含义参考《新华字典》释义体系整理；当前为项目改写摘要，非逐字原文。,经历|经过|历法或日历|逐个,历：现代主要用于表示经历；经过；历法或日历；逐个。常见用法如：历史、经历、日历、历来、学历。,历史|经历|日历|历来|学历,draft,pending,pending,pending,needs_review,variant_or_traditional|simplified_merge_or_multi_variant|history_pending,含繁体/异体：歷、曆；需复核简繁对应、异体来源和义项是否完全合并。|简化合并或多异体入口：历 对应 歷、曆；历史层建议拆分来源线索。
383,革,U+9769,革,,,ge2|ji2,革,9,《新华字典》,现代义项含义参考《新华字典》释义体系整理；当前为项目改写摘要，非逐字原文。,去毛兽皮|改变|开除|危急读音,革：现代主要用于表示去毛兽皮；改变；开除；危急读音。常见用法如：改革、革命、皮革、革新、革职。,改革|革命|皮革|革新|革职,draft,pending,pending,pending,needs_review,polyphonic|history_pending,多音字：ge2、ji2；需按义项和常用词复核读音排序。
384,任,U+4EFB,任,,,ren4|ren2,亻,6,《新华字典》,现代义项含义参考《新华字典》释义体系整理；当前为项目改写摘要，非逐字原文。,担任|信任|责任|任凭|姓氏读音,任：现代主要用于表示担任；信任；责任；任凭；姓氏读音。常见用法如：任务、责任、担任、信任、任何。,任务|责任|担任|信任|任何,draft,pending,pending,pending,needs_review,polyphonic|history_pending,多音字：ren4、ren2；需按义项和常用词复核读音排序。
385,件,U+4EF6,件,,,jian4,亻,6,《新华字典》,现代义项含义参考《新华字典》释义体系整理；当前为项目改写摘要，非逐字原文。,单个事物|量词|文件或事件,件：现代主要用于表示单个事物；量词；文件或事件。常见用法如：事情、文件、事件、条件、一件。,事情|文件|事件|条件|一件,draft,pending,pending,pending,none,history_pending,
386,程,U+7A0B,程,,,cheng2,禾,12,《新华字典》,现代义项含义参考《新华字典》释义体系整理；当前为项目改写摘要，非逐字原文。,规矩|路程|进展阶段|程序,程：现代主要用于表示规矩；路程；进展阶段；程序。常见用法如：过程、工程、程度、路程、程序。,过程|工程|程度|路程|程序,draft,pending,pending,pending,none,history_pending,
387,期,U+671F,期,,,qi1|ji1,月,12,《新华字典》,现代义项含义参考《新华字典》释义体系整理；当前为项目改写摘要，非逐字原文。,规定时间|一段时间|盼望|周年或整月读音,期：现代主要用于表示规定时间；一段时间；盼望；周年或整月读音。常见用法如：时期、日期、长期、期待、学期。,时期|日期|长期|期待|学期,draft,pending,pending,pending,needs_review,polyphonic|history_pending,多音字：qi1、ji1；需按义项和常用词复核读音排序。
388,论,U+8BBA,論,U+8AD6,論:U+8AD6,lun4|lun2,讠,6,《新华字典》,现代义项含义参考《新华字典》释义体系整理；当前为项目改写摘要，非逐字原文。,分析说明|主张或学说|议论|论语相关读音,论：现代主要用于表示分析说明；主张或学说；议论；论语相关读音。常见用法如：讨论、理论、无论、议论、论语。,讨论|理论|无论|议论|论语,draft,pending,pending,pending,needs_review,polyphonic|variant_or_traditional|history_pending,多音字：lun4、lun2；需按义项和常用词复核读音排序。|含繁体/异体：論；需复核简繁对应、异体来源和义项是否完全合并。
389,识,U+8BC6,識,U+8B58,識:U+8B58,shi2|zhi4,讠,7,《新华字典》,现代义项含义参考《新华字典》释义体系整理；当前为项目改写摘要，非逐字原文。,认识|知识|辨别|记号或记住读音,识：现代主要用于表示认识；知识；辨别；记号或记住读音。常见用法如：认识、知识、识字、常识、标识。,认识|知识|识字|常识|标识,draft,pending,pending,pending,needs_review,polyphonic|variant_or_traditional|history_pending,多音字：shi2、zhi4；需按义项和常用词复核读音排序。|含繁体/异体：識；需复核简繁对应、异体来源和义项是否完全合并。
390,观,U+89C2,觀,U+89C0,觀:U+89C0,guan1|guan4,见,6,《新华字典》,现代义项含义参考《新华字典》释义体系整理；当前为项目改写摘要，非逐字原文。,看|景象|看法|道教建筑读音,观：现代主要用于表示看；景象；看法；道教建筑读音。常见用法如：观察、观点、参观、景观、道观。,观察|观点|参观|景观|道观,draft,pending,pending,pending,needs_review,polyphonic|variant_or_traditional|history_pending,多音字：guan1、guan4；需按义项和常用词复核读音排序。|含繁体/异体：觀；需复核简繁对应、异体来源和义项是否完全合并。
391,现,U+73B0,現,U+73FE,現:U+73FE,xian4,王,8,《新华字典》,现代义项含义参考《新华字典》释义体系整理；当前为项目改写摘要，非逐字原文。,现在|显露|实际存在,现：现代主要用于表示现在；显露；实际存在。常见用法如：现在、出现、发现、现实、表现。,现在|出现|发现|现实|表现,draft,pending,pending,pending,needs_review,variant_or_traditional|history_pending,含繁体/异体：現；需复核简繁对应、异体来源和义项是否完全合并。
392,实,U+5B9E,實,U+5BE6,實:U+5BE6,shi2,宀,8,《新华字典》,现代义项含义参考《新华字典》释义体系整理；当前为项目改写摘要，非逐字原文。,充满|真实|实际|果实,实：现代主要用于表示充满；真实；实际；果实。常见用法如：实际、真实、实现、实在、事实。,实际|真实|实现|实在|事实,draft,pending,pending,pending,needs_review,variant_or_traditional|history_pending,含繁体/异体：實；需复核简繁对应、异体来源和义项是否完全合并。
393,相,U+76F8,相,,,xiang1|xiang4,目,9,《新华字典》,现代义项含义参考《新华字典》释义体系整理；当前为项目改写摘要，非逐字原文。,互相|看|外貌或样子|帮助或主持,相：现代主要用于表示互相；看；外貌或样子；帮助或主持。常见用法如：相信、相同、相互、相片、首相。,相信|相同|相互|相片|首相,draft,pending,pending,pending,needs_review,polyphonic|history_pending,多音字：xiang1、xiang4；需按义项和常用词复核读音排序。
394,进,U+8FDB,進,U+9032,進:U+9032,jin4,辶,7,《新华字典》,现代义项含义参考《新华字典》释义体系整理；当前为项目改写摘要，非逐字原文。,向前移动|收入或买入|呈上|程度加深,进：现代主要用于表示向前移动；收入或买入；呈上；程度加深。常见用法如：进步、进入、前进、进行、先进。,进步|进入|前进|进行|先进,draft,pending,pending,pending,needs_review,variant_or_traditional|history_pending,含繁体/异体：進；需复核简繁对应、异体来源和义项是否完全合并。
395,性,U+6027,性,,,xing4,忄,8,《新华字典》,现代义项含义参考《新华字典》释义体系整理；当前为项目改写摘要，非逐字原文。,性质|性格|性别|本能或生理相关,性：现代主要用于表示性质；性格；性别；本能或生理相关。常见用法如：性质、性格、男性、女性、可能性。,性质|性格|男性|女性|可能性,draft,pending,pending,pending,none,history_pending,
396,打,U+6253,打,,,da3|da2,扌,5,《新华字典》,现代义项含义参考《新华字典》释义体系整理；当前为项目改写摘要，非逐字原文。,击打|进行某种动作|制作或取得|量词读音,打：现代主要用于表示击打；进行某种动作；制作或取得；量词读音。常见用法如：打字、打开、打算、打击、一打。,打字|打开|打算|打击|一打,draft,pending,pending,pending,needs_review,polyphonic|history_pending,多音字：da3、da2；需按义项和常用词复核读音排序。
397,些,U+4E9B,些,,,xie1,二,8,《新华字典》,现代义项含义参考《新华字典》释义体系整理；当前为项目改写摘要，非逐字原文。,少量|若干|比较程度略微,些：现代主要用于表示少量；若干；比较程度略微。常见用法如：一些、这些、那些、有些、些许。,一些|这些|那些|有些|些许,draft,pending,pending,pending,none,history_pending,
398,命,U+547D,命,,,ming4,口,8,《新华字典》,现代义项含义参考《新华字典》释义体系整理；当前为项目改写摘要，非逐字原文。,生命|命令|命运|给予名称或职务,命：现代主要用于表示生命；命令；命运；给予名称或职务。常见用法如：生命、命令、命运、革命、任命。,生命|命令|命运|革命|任命,draft,pending,pending,pending,none,history_pending,
399,统,U+7EDF,統,U+7D71,統:U+7D71,tong3,纟,9,《新华字典》,现代义项含义参考《新华字典》释义体系整理；当前为项目改写摘要，非逐字原文。,总括|连续的体系|统一管理,统：现代主要用于表示总括；连续的体系；统一管理。常见用法如：统一、系统、传统、统治、统筹。,统一|系统|传统|统治|统筹,draft,pending,pending,pending,needs_review,variant_or_traditional|history_pending,含繁体/异体：統；需复核简繁对应、异体来源和义项是否完全合并。
400,领,U+9886,領,U+9818,領:U+9818,ling3,页,11,《新华字典》,现代义项含义参考《新华字典》释义体系整理；当前为项目改写摘要，非逐字原文。,脖颈部位|衣领|带领|领取,领：现代主要用于表示脖颈部位；衣领；带领；领取。常见用法如：领导、领取、本领、领土、衣领。,领导|领取|本领|领土|衣领,draft,pending,pending,pending,needs_review,variant_or_traditional|history_pending,含繁体/异体：領；需复核简繁对应、异体来源和义项是否完全合并。
401,导,U+5BFC,導,U+5C0E,導:U+5C0E,dao3,寸,6,《新华字典》,现代义项含义参考《新华字典》释义体系整理；当前为项目改写摘要，非逐字原文。,引导|传导|导演或指导,导：现代主要用于表示引导；传导；导演或指导。常见用法如：领导、指导、导演、导游、引导。,领导|指导|导演|导游|引导,draft,pending,pending,pending,needs_review,variant_or_traditional|history_pending,含繁体/异体：導；需复核简繁对应、异体来源和义项是否完全合并。
402,利,U+5229,利,,,li4,刂,7,《新华字典》,现代义项含义参考《新华字典》释义体系整理；当前为项目改写摘要，非逐字原文。,锋利|顺利|利益|有利于,利：现代主要用于表示锋利；顺利；利益；有利于。常见用法如：利用、利益、顺利、胜利、权利。,利用|利益|顺利|胜利|权利,draft,pending,pending,pending,none,history_pending,
403,复,U+590D,復|複,U+5FA9,復:U+5FA9|複:U+8907,fu4,夂,9,《新华字典》,现代义项含义参考《新华字典》释义体系整理；当前为项目改写摘要，非逐字原文。,回来或恢复|重复|回答|复杂相关简化字,复：现代主要用于表示回来或恢复；重复；回答；复杂相关简化字。常见用法如：恢复、重复、复习、答复、复杂。,恢复|重复|复习|答复|复杂,draft,pending,pending,pending,needs_review,variant_or_traditional|simplified_merge_or_multi_variant|history_pending,含繁体/异体：復、複；需复核简繁对应、异体来源和义项是否完全合并。|简化合并或多异体入口：复 对应 復、複；历史层建议拆分来源线索。
404,决,U+51B3,決,U+6C7A,決:U+6C7A,jue2,冫,6,《新华字典》,现代义项含义参考《新华字典》释义体系整理；当前为项目改写摘要，非逐字原文。,决定|断定|堤岸被水冲开|一定,决：现代主要用于表示决定；断定；堤岸被水冲开；一定。常见用法如：决定、解决、决心、坚决、决赛。,决定|解决|决心|坚决|决赛,draft,pending,pending,pending,needs_review,variant_or_traditional|history_pending,含繁体/异体：決；需复核简繁对应、异体来源和义项是否完全合并。
405,单,U+5355,單,U+55AE,單:U+55AE,dan1|shan4|chan2,丷,8,《新华字典》,现代义项含义参考《新华字典》释义体系整理；当前为项目改写摘要，非逐字原文。,一个或孤独|简单|单据|姓氏或地名读音,单：现代主要用于表示一个或孤独；简单；单据；姓氏或地名读音。常见用法如：单位、简单、名单、单独、单于。,单位|简单|名单|单独|单于,draft,pending,pending,pending,needs_review,polyphonic|variant_or_traditional|history_pending,多音字：dan1、shan4、chan2；需按义项和常用词复核读音排序。|含繁体/异体：單；需复核简繁对应、异体来源和义项是否完全合并。
406,布,U+5E03,布,,,bu4,巾,5,《新华字典》,现代义项含义参考《新华字典》释义体系整理；当前为项目改写摘要，非逐字原文。,棉麻织品|散布|宣布|布置,布：现代主要用于表示棉麻织品；散布；宣布；布置。常见用法如：公布、布置、宣布、分布、布料。,公布|布置|宣布|分布|布料,draft,pending,pending,pending,none,history_pending,
407,越,U+8D8A,越,,,yue4,走,12,《新华字典》,现代义项含义参考《新华字典》释义体系整理；当前为项目改写摘要，非逐字原文。,跨过|更加|越地或越国简称,越：现代主要用于表示跨过；更加；越地或越国简称。常见用法如：越来越、越过、超越、越发、越界。,越来越|越过|超越|越发|越界,draft,pending,pending,pending,none,history_pending,
408,格,U+683C,格,,,ge2,木,10,《新华字典》,现代义项含义参考《新华字典》释义体系整理；当前为项目改写摘要，非逐字原文。,格式|标准|品格|阻碍或推究,格：现代主要用于表示格式；标准；品格；阻碍或推究。常见用法如：价格、资格、格式、风格、格外。,价格|资格|格式|风格|格外,draft,pending,pending,pending,none,history_pending,
409,界,U+754C,界,,,jie4,田,9,《新华字典》,现代义项含义参考《新华字典》释义体系整理；当前为项目改写摘要，非逐字原文。,边界|范围|行业或领域,界：现代主要用于表示边界；范围；行业或领域。常见用法如：世界、界限、边界、各界、外界。,世界|界限|边界|各界|外界,draft,pending,pending,pending,none,history_pending,
410,确,U+786E,確,U+78BA,確:U+78BA,que4,石,12,《新华字典》,现代义项含义参考《新华字典》释义体系整理；当前为项目改写摘要，非逐字原文。,真实可靠|坚固|明确,确：现代主要用于表示真实可靠；坚固；明确。常见用法如：确定、正确、确实、准确、明确。,确定|正确|确实|准确|明确,draft,pending,pending,pending,needs_review,variant_or_traditional|history_pending,含繁体/异体：確；需复核简繁对应、异体来源和义项是否完全合并。
411,精,U+7CBE,精,,,jing1,米,14,《新华字典》,现代义项含义参考《新华字典》释义体系整理；当前为项目改写摘要，非逐字原文。,提炼纯净|精细|精神|精通,精：现代主要用于表示提炼纯净；精细；精神；精通。常见用法如：精神、精确、精力、精彩、精通。,精神|精确|精力|精彩|精通,draft,pending,pending,pending,none,history_pending,
412,建,U+5EFA,建,,,jian4,廴,8,《新华字典》,现代义项含义参考《新华字典》释义体系整理；当前为项目改写摘要，非逐字原文。,建立|建造|提出,建：现代主要用于表示建立；建造；提出。常见用法如：建设、建立、建筑、建议、创建。,建设|建立|建筑|建议|创建,draft,pending,pending,pending,none,history_pending,
413,设,U+8BBE,設,U+8A2D,設:U+8A2D,she4,讠,6,《新华字典》,现代义项含义参考《新华字典》释义体系整理；当前为项目改写摘要，非逐字原文。,设立|安排|假定|设备,设：现代主要用于表示设立；安排；假定；设备。常见用法如：建设、设计、设备、设法、假设。,建设|设计|设备|设法|假设,draft,pending,pending,pending,needs_review,variant_or_traditional|history_pending,含繁体/异体：設；需复核简繁对应、异体来源和义项是否完全合并。
414,华,U+534E,華,U+83EF,華:U+83EF,hua2|hua4|hua1,十,6,《新华字典》,现代义项含义参考《新华字典》释义体系整理；当前为项目改写摘要，非逐字原文。,光彩|繁盛|中国相关称谓|姓氏或山名读音,华：现代主要用于表示光彩；繁盛；中国相关称谓；姓氏或山名读音。常见用法如：中华、华丽、华人、华山、年华。,中华|华丽|华人|华山|年华,draft,pending,pending,pending,needs_review,polyphonic|variant_or_traditional|history_pending,多音字：hua2、hua4、hua1；需按义项和常用词复核读音排序。|含繁体/异体：華；需复核简繁对应、异体来源和义项是否完全合并。
415,素,U+7D20,素,,,su4,糸,10,《新华字典》,现代义项含义参考《新华字典》释义体系整理；当前为项目改写摘要，非逐字原文。,本色或白色|朴素|向来|构成事物的基本成分,素：现代主要用于表示本色或白色；朴素；向来；构成事物的基本成分。常见用法如：因素、元素、素质、朴素、平素。,因素|元素|素质|朴素|平素,draft,pending,pending,pending,none,history_pending,
416,青,U+9752,青,,,qing1,青,8,《新华字典》,现代义项含义参考《新华字典》释义体系整理；当前为项目改写摘要，非逐字原文。,蓝绿或黑色一类颜色|年轻|青草,青：现代主要用于表示蓝绿或黑色一类颜色；年轻；青草。常见用法如：青年、青色、青春、青草、青山。,青年|青色|青春|青草|青山,draft,pending,pending,pending,none,history_pending,
417,亲,U+4EB2,親,U+89AA,親:U+89AA,qin1|qing4,亠,9,《新华字典》,现代义项含义参考《新华字典》释义体系整理；当前为项目改写摘要，非逐字原文。,亲近|亲属|亲自|婚姻亲属读音,亲：现代主要用于表示亲近；亲属；亲自；婚姻亲属读音。常见用法如：亲人、亲自、亲切、父亲、亲家。,亲人|亲自|亲切|父亲|亲家,draft,pending,pending,pending,needs_review,polyphonic|variant_or_traditional|history_pending,多音字：qin1、qing4；需按义项和常用词复核读音排序。|含繁体/异体：親；需复核简繁对应、异体来源和义项是否完全合并。
418,近,U+8FD1,近,,,jin4,辶,7,《新华字典》,现代义项含义参考《新华字典》释义体系整理；当前为项目改写摘要，非逐字原文。,距离短|时间不久|接近,近：现代主要用于表示距离短；时间不久；接近。常见用法如：附近、最近、近处、接近、亲近。,附近|最近|近处|接近|亲近,draft,pending,pending,pending,none,history_pending,
419,远,U+8FDC,遠,U+9060,遠:U+9060,yuan3|yuan4,辶,7,《新华字典》,现代义项含义参考《新华字典》释义体系整理；当前为项目改写摘要，非逐字原文。,距离长|时间久|差距大|避开读音,远：现代主要用于表示距离长；时间久；差距大；避开读音。常见用法如：远方、永远、远近、远离、深远。,远方|永远|远近|远离|深远,draft,pending,pending,pending,needs_review,polyphonic|variant_or_traditional|history_pending,多音字：yuan3、yuan4；需按义项和常用词复核读音排序。|含繁体/异体：遠；需复核简繁对应、异体来源和义项是否完全合并。
420,克,U+514B,克,,,ke4,儿,7,《新华字典》,现代义项含义参考《新华字典》释义体系整理；当前为项目改写摘要，非逐字原文。,能胜任|战胜|克制|重量单位,克：现代主要用于表示能胜任；战胜；克制；重量单位。常见用法如：克服、克制、千克、攻克、克敌。,克服|克制|千克|攻克|克敌,draft,pending,pending,pending,none,history_pending,
421,参,U+53C2,參,U+53C3,參:U+53C3,can1|shen1|cen1,厶,8,《新华字典》,现代义项含义参考《新华字典》释义体系整理；当前为项目改写摘要，非逐字原文。,加入|参考|进见|人参或参差读音,参：现代主要用于表示加入；参考；进见；人参或参差读音。常见用法如：参加、参考、参观、人参、参差。,参加|参考|参观|人参|参差,draft,pending,pending,pending,needs_review,polyphonic|variant_or_traditional|history_pending,多音字：can1、shen1、cen1；需按义项和常用词复核读音排序。|含繁体/异体：參；需复核简繁对应、异体来源和义项是否完全合并。
422,完,U+5B8C,完,,,wan2,宀,7,《新华字典》,现代义项含义参考《新华字典》释义体系整理；当前为项目改写摘要，非逐字原文。,完整|结束|完成|完好,完：现代主要用于表示完整；结束；完成；完好。常见用法如：完成、完美、完全、完了、完好。,完成|完美|完全|完了|完好,draft,pending,pending,pending,none,history_pending,
423,即,U+5373,即,,,ji2,卩,7,《新华字典》,现代义项含义参考《新华字典》释义体系整理；当前为项目改写摘要，非逐字原文。,靠近|就是|立即|即使,即：现代主要用于表示靠近；就是；立即；即使。常见用法如：即使、立即、即将、即日、即便。,即使|立即|即将|即日|即便,draft,pending,pending,pending,none,history_pending,
424,却,U+5374,卻,U+537B,卻:U+537B,que4,卩,7,《新华字典》,现代义项含义参考《新华字典》释义体系整理；当前为项目改写摘要，非逐字原文。,退|推辞|反而|表示转折,却：现代主要用于表示退；推辞；反而；表示转折。常见用法如：却是、退却、忘却、推却、冷却。,却是|退却|忘却|推却|冷却,draft,pending,pending,pending,needs_review,variant_or_traditional|history_pending,含繁体/异体：卻；需复核简繁对应、异体来源和义项是否完全合并。
425,算,U+7B97,算,,,suan4,竹,14,《新华字典》,现代义项含义参考《新华字典》释义体系整理；当前为项目改写摘要，非逐字原文。,计算|计划|当作|总算,算：现代主要用于表示计算；计划；当作；总算。常见用法如：计算、打算、算术、预算、总算。,计算|打算|算术|预算|总算,draft,pending,pending,pending,none,history_pending,
426,义,U+4E49,義,U+7FA9,義:U+7FA9,yi4,丶,3,《新华字典》,现代义项含义参考《新华字典》释义体系整理；当前为项目改写摘要，非逐字原文。,公正合宜的道理|意义|情谊|人工或假的,义：现代主要用于表示公正合宜的道理；意义；情谊；人工或假的。常见用法如：意义、主义、义务、正义、义气。,意义|主义|义务|正义|义气,draft,pending,pending,pending,needs_review,variant_or_traditional|history_pending,含繁体/异体：義；需复核简繁对应、异体来源和义项是否完全合并。
427,类,U+7C7B,類,U+985E,類:U+985E,lei4,米,9,《新华字典》,现代义项含义参考《新华字典》释义体系整理；当前为项目改写摘要，非逐字原文。,种类|相似|类别,类：现代主要用于表示种类；相似；类别。常见用法如：种类、人类、分类、类似、类别。,种类|人类|分类|类似|类别,draft,pending,pending,pending,needs_review,variant_or_traditional|history_pending,含繁体/异体：類；需复核简繁对应、异体来源和义项是否完全合并。
428,制,U+5236,制,,,zhi4,刂,8,《新华字典》,现代义项含义参考《新华字典》释义体系整理；当前为项目改写摘要，非逐字原文。,制造|规定|制度|控制,制：现代主要用于表示制造；规定；制度；控制。常见用法如：制度、控制、制造、制作、限制。,制度|控制|制造|制作|限制,draft,pending,pending,pending,none,history_pending,
429,权,U+6743,權,U+6B0A,權:U+6B0A,quan2,木,6,《新华字典》,现代义项含义参考《新华字典》释义体系整理；当前为项目改写摘要，非逐字原文。,权力|权利|权衡|临时变通,权：现代主要用于表示权力；权利；权衡；临时变通。常见用法如：权利、权力、政权、权益、权威。,权利|权力|政权|权益|权威,draft,pending,pending,pending,needs_review,variant_or_traditional|history_pending,含繁体/异体：權；需复核简繁对应、异体来源和义项是否完全合并。
430,保,U+4FDD,保,,,bao3,亻,9,《新华字典》,现代义项含义参考《新华字典》释义体系整理；当前为项目改写摘要，非逐字原文。,保护|保持|保证|担保,保：现代主要用于表示保护；保持；保证；担保。常见用法如：保护、保证、保持、保险、环保。,保护|保证|保持|保险|环保,draft,pending,pending,pending,none,history_pending,
431,共,U+5171,共,,,gong4|gong1,八,6,《新华字典》,现代义项含义参考《新华字典》释义体系整理；当前为项目改写摘要，非逐字原文。,共同|总共|共产相关简称|恭敬古义读音,共：现代主要用于表示共同；总共；共产相关简称；恭敬古义读音。常见用法如：共同、总共、公共、共和国、共计。,共同|总共|公共|共和国|共计,draft,pending,pending,pending,needs_review,polyphonic|history_pending,多音字：gong4、gong1；需按义项和常用词复核读音排序。
432,系,U+7CFB,系|係|繫,U+7CFB,係:U+4FC2|繫:U+7E6B,xi4|ji4,糸,7,《新华字典》,现代义项含义参考《新华字典》释义体系整理；当前为项目改写摘要，非逐字原文。,系统|关系|联结|拴绑读音,系：现代主要用于表示系统；关系；联结；拴绑读音。常见用法如：关系、系统、联系、系列、系上。,关系|系统|联系|系列|系上,draft,pending,pending,pending,needs_review,polyphonic|variant_or_traditional|simplified_merge_or_multi_variant|history_pending,多音字：xi4、ji4；需按义项和常用词复核读音排序。|含繁体/异体：係、繫；需复核简繁对应、异体来源和义项是否完全合并。|简化合并或多异体入口：系 对应 係、繫；历史层建议拆分来源线索。
433,收,U+6536,收,,,shou1,攵,6,《新华字典》,现代义项含义参考《新华字典》释义体系整理；当前为项目改写摘要，非逐字原文。,把外物取进来|收藏|结束|获得,收：现代主要用于表示把外物取进来；收藏；结束；获得。常见用法如：收入、收到、收获、收藏、收拾。,收入|收到|收获|收藏|收拾,draft,pending,pending,pending,none,history_pending,
434,步,U+6B65,步,,,bu4,止,7,《新华字典》,现代义项含义参考《新华字典》释义体系整理；当前为项目改写摘要，非逐字原文。,行走时两脚间的动作|阶段|地步|步量,步：现代主要用于表示行走时两脚间的动作；阶段；地步；步量。常见用法如：进步、脚步、一步、步骤、步行。,进步|脚步|一步|步骤|步行,draft,pending,pending,pending,none,history_pending,
435,运,U+8FD0,運,U+904B,運:U+904B,yun4,辶,7,《新华字典》,现代义项含义参考《新华字典》释义体系整理；当前为项目改写摘要，非逐字原文。,移动输送|运行|命运|运动,运：现代主要用于表示移动输送；运行；命运；运动。常见用法如：运动、运输、运气、命运、运行。,运动|运输|运气|命运|运行,draft,pending,pending,pending,needs_review,variant_or_traditional|history_pending,含繁体/异体：運；需复核简繁对应、异体来源和义项是否完全合并。
436,存,U+5B58,存,,,cun2,子,6,《新华字典》,现代义项含义参考《新华字典》释义体系整理；当前为项目改写摘要，非逐字原文。,存在|保存|寄放|怀有,存：现代主要用于表示存在；保存；寄放；怀有。常见用法如：存在、保存、存款、生存、库存。,存在|保存|存款|生存|库存,draft,pending,pending,pending,none,history_pending,
437,满,U+6EE1,滿,U+6EFF,滿:U+6EFF,man3,氵,13,《新华字典》,现代义项含义参考《新华字典》释义体系整理；当前为项目改写摘要，非逐字原文。,充足无空缺|达到限度|满足|骄傲,满：现代主要用于表示充足无空缺；达到限度；满足；骄傲。常见用法如：满意、充满、满分、满足、满族。,满意|充满|满分|满足|满族,draft,pending,pending,pending,needs_review,variant_or_traditional|history_pending,含繁体/异体：滿；需复核简繁对应、异体来源和义项是否完全合并。
438,列,U+5217,列,,,lie4,刂,6,《新华字典》,现代义项含义参考《新华字典》释义体系整理；当前为项目改写摘要，非逐字原文。,排列|行列|列举|众多,列：现代主要用于表示排列；行列；列举；众多。常见用法如：排列、系列、列车、列举、行列。,排列|系列|列车|列举|行列,draft,pending,pending,pending,none,history_pending,
439,便,U+4FBF,便,,,bian4|pian2,亻,9,《新华字典》,现代义项含义参考《新华字典》释义体系整理；当前为项目改写摘要，非逐字原文。,方便|就|适宜|排泄|便宜读音,便：现代主要用于表示方便；就；适宜；排泄；便宜读音。常见用法如：方便、便是、便利、便宜、随便。,方便|便是|便利|便宜|随便,draft,pending,pending,pending,needs_review,polyphonic|history_pending,多音字：bian4、pian2；需按义项和常用词复核读音排序。
440,连,U+8FDE,連,U+9023,連:U+9023,lian2,辶,7,《新华字典》,现代义项含义参考《新华字典》释义体系整理；当前为项目改写摘要，非逐字原文。,连接|连续|连同|军队编制,连：现代主要用于表示连接；连续；连同；军队编制。常见用法如：联系、连接、连续、连忙、连队。,联系|连接|连续|连忙|连队,draft,pending,pending,pending,needs_review,variant_or_traditional|history_pending,含繁体/异体：連；需复核简繁对应、异体来源和义项是否完全合并。
441,议,U+8BAE,議,U+8B70,議:U+8B70,yi4,讠,5,《新华字典》,现代义项含义参考《新华字典》释义体系整理；当前为项目改写摘要，非逐字原文。,商量|意见|议论,议：现代主要用于表示商量；意见；议论。常见用法如：会议、建议、议论、议题、协议。,会议|建议|议论|议题|协议,draft,pending,pending,pending,needs_review,variant_or_traditional|history_pending,含繁体/异体：議；需复核简繁对应、异体来源和义项是否完全合并。
442,许,U+8BB8,許,U+8A31,許:U+8A31,xu3,讠,6,《新华字典》,现代义项含义参考《新华字典》释义体系整理；当前为项目改写摘要，非逐字原文。,答应|允许|也许|表示约数,许：现代主要用于表示答应；允许；也许；表示约数。常见用法如：允许、许多、也许、许可、许愿。,允许|许多|也许|许可|许愿,draft,pending,pending,pending,needs_review,variant_or_traditional|history_pending,含繁体/异体：許；需复核简繁对应、异体来源和义项是否完全合并。
443,认,U+8BA4,認,U+8A8D,認:U+8A8D,ren4,讠,4,《新华字典》,现代义项含义参考《新华字典》释义体系整理；当前为项目改写摘要，非逐字原文。,认识|承认|认定|把关系确定下来,认：现代主要用于表示认识；承认；认定；把关系确定下来。常见用法如：认识、认为、认真、承认、认同。,认识|认为|认真|承认|认同,draft,pending,pending,pending,needs_review,variant_or_traditional|history_pending,含繁体/异体：認；需复核简繁对应、异体来源和义项是否完全合并。
444,示,U+793A,示,,,shi4,示,5,《新华字典》,现代义项含义参考《新华字典》释义体系整理；当前为项目改写摘要，非逐字原文。,表示|给人看|告知|神主祭祀古义相关,示：现代主要用于表示表示；给人看；告知；神主祭祀古义相关。常见用法如：表示、显示、指示、示范、提示。,表示|显示|指示|示范|提示,draft,pending,pending,pending,none,history_pending,
445,谁,U+8C01,誰,U+8AB0,誰:U+8AB0,shui2|shei2,讠,10,《新华字典》,现代义项含义参考《新华字典》释义体系整理；当前为项目改写摘要，非逐字原文。,疑问代词|任何人,谁：现代主要用于表示疑问代词；任何人。常见用法如：是谁、谁人、谁家、谁知、谁都。,是谁|谁人|谁家|谁知|谁都,draft,pending,pending,pending,needs_review,polyphonic|variant_or_traditional|history_pending,多音字：shui2、shei2；需按义项和常用词复核读音排序。|含繁体/异体：誰；需复核简繁对应、异体来源和义项是否完全合并。
446,哪,U+54EA,哪,,,na3|nei3|na5|ne2,口,9,《新华字典》,现代义项含义参考《新华字典》释义体系整理；当前为项目改写摘要，非逐字原文。,疑问代词|表示反问|语气助词,哪：现代主要用于表示疑问代词；表示反问；语气助词。常见用法如：哪里、哪个、哪怕、哪儿、哪样。,哪里|哪个|哪怕|哪儿|哪样,draft,pending,pending,pending,needs_review,polyphonic|history_pending,多音字：na3、nei3、na5、ne2；需按义项和常用词复核读音排序。
447,吗,U+5417,嗎,U+55CE,嗎:U+55CE,ma5|ma3,口,6,《新华字典》,现代义项含义参考《新华字典》释义体系整理；当前为项目改写摘要，非逐字原文。,疑问语气助词|吗啡等音译用字,吗：现代主要用于表示疑问语气助词；吗啡等音译用字。常见用法如：好吗、是吗、对吗、干吗、吗啡。,好吗|是吗|对吗|干吗|吗啡,draft,pending,pending,pending,needs_review,polyphonic|variant_or_traditional|history_pending,多音字：ma5、ma3；需按义项和常用词复核读音排序。|含繁体/异体：嗎；需复核简繁对应、异体来源和义项是否完全合并。
448,吧,U+5427,吧,,,ba5|ba1,口,7,《新华字典》,现代义项含义参考《新华字典》释义体系整理；当前为项目改写摘要，非逐字原文。,语气助词|酒吧等音译用字,吧：现代主要用于表示语气助词；酒吧等音译用字。常见用法如：好吧、走吧、吧台、酒吧、网吧。,好吧|走吧|吧台|酒吧|网吧,draft,pending,pending,pending,needs_review,polyphonic|history_pending,多音字：ba5、ba1；需按义项和常用词复核读音排序。
449,呢,U+5462,呢,,,ne5|ni2,口,8,《新华字典》,现代义项含义参考《新华字典》释义体系整理；当前为项目改写摘要，非逐字原文。,语气助词|呢绒读音,呢：现代主要用于表示语气助词；呢绒读音。常见用法如：你呢、怎么呢、呢子、花呢、着呢。,你呢|怎么呢|呢子|花呢|着呢,draft,pending,pending,pending,needs_review,polyphonic|history_pending,多音字：ne5、ni2；需按义项和常用词复核读音排序。
450,啊,U+554A,啊,,,a5|a1|a2|a3|a4,口,10,《新华字典》,现代义项含义参考《新华字典》释义体系整理；当前为项目改写摘要，非逐字原文。,叹词|语气助词,啊：现代主要用于表示叹词；语气助词。常见用法如：好啊、啊呀、啊哟、啊哈、是啊。,好啊|啊呀|啊哟|啊哈|是啊,draft,pending,pending,pending,needs_review,polyphonic|history_pending,多音字：a5、a1、a2、a3、a4；需按义项和常用词复核读音排序。
451,呀,U+5440,呀,,,ya5|ya1,口,7,《新华字典》,现代义项含义参考《新华字典》释义体系整理；当前为项目改写摘要，非逐字原文。,语气助词|叹词,呀：现代主要用于表示语气助词；叹词。常见用法如：好呀、哎呀、呀呀、来呀、看呀。,好呀|哎呀|呀呀|来呀|看呀,draft,pending,pending,pending,needs_review,polyphonic|history_pending,多音字：ya5、ya1；需按义项和常用词复核读音排序。
452,啦,U+5566,啦,,,la5|la1,口,11,《新华字典》,现代义项含义参考《新华字典》释义体系整理；当前为项目改写摘要，非逐字原文。,语气助词|啦啦队等音节用字,啦：现代主要用于表示语气助词；啦啦队等音节用字。常见用法如：好啦、来啦、走啦、啦啦队、哗啦。,好啦|来啦|走啦|啦啦队|哗啦,draft,pending,pending,pending,needs_review,polyphonic|history_pending,多音字：la5、la1；需按义项和常用词复核读音排序。
453,由,U+7531,由,,,you2,田,5,《新华字典》,现代义项含义参考《新华字典》释义体系整理；当前为项目改写摘要，非逐字原文。,原因|从|经过|听任,由：现代主要用于表示原因；从；经过；听任。常见用法如：由于、理由、自由、由来、经由。,由于|理由|自由|由来|经由,draft,pending,pending,pending,none,history_pending,
454,像,U+50CF,像,,,xiang4,亻,13,《新华字典》,现代义项含义参考《新华字典》释义体系整理；当前为项目改写摘要，非逐字原文。,相似|比如|人物图形,像：现代主要用于表示相似；比如；人物图形。常见用法如：好像、画像、图像、像样、肖像。,好像|画像|图像|像样|肖像,draft,pending,pending,pending,none,history_pending,
455,似,U+4F3C,似,,,si4|shi4,亻,6,《新华字典》,现代义项含义参考《新华字典》释义体系整理；当前为项目改写摘要，非逐字原文。,像|好像|似的读音,似：现代主要用于表示像；好像；似的读音。常见用法如：似乎、相似、类似、好似、似的。,似乎|相似|类似|好似|似的,draft,pending,pending,pending,needs_review,polyphonic|history_pending,多音字：si4、shi4；需按义项和常用词复核读音排序。
456,带,U+5E26,帶,U+5E36,帶:U+5E36,dai4,巾,9,《新华字典》,现代义项含义参考《新华字典》释义体系整理；当前为项目改写摘要，非逐字原文。,带子|携带|引导|区域,带：现代主要用于表示带子；携带；引导；区域。常见用法如：带来、带领、地带、带动、皮带。,带来|带领|地带|带动|皮带,draft,pending,pending,pending,needs_review,variant_or_traditional|history_pending,含繁体/异体：帶；需复核简繁对应、异体来源和义项是否完全合并。
457,切,U+5207,切,,,qie1|qie4,刀,4,《新华字典》,现代义项含义参考《新华字典》释义体系整理；当前为项目改写摘要，非逐字原文。,用刀分开|贴近|急切|一切读音,切：现代主要用于表示用刀分开；贴近；急切；一切读音。常见用法如：一切、亲切、切开、切实、急切。,一切|亲切|切开|切实|急切,draft,pending,pending,pending,needs_review,polyphonic|history_pending,多音字：qie1、qie4；需按义项和常用词复核读音排序。
458,周,U+5468,周,,,zhou1,口,8,《新华字典》,现代义项含义参考《新华字典》释义体系整理；当前为项目改写摘要，非逐字原文。,周围|周到|一圈|星期|朝代或姓氏,周：现代主要用于表示周围；周到；一圈；星期；朝代或姓氏。常见用法如：周围、周末、周到、周期、周边。,周围|周末|周到|周期|周边,draft,pending,pending,pending,none,history_pending,
459,术,U+672F,術,U+8853,術:U+8853,shu4|zhu2,木,5,《新华字典》,现代义项含义参考《新华字典》释义体系整理；当前为项目改写摘要，非逐字原文。,技艺方法|学术|方术|白术读音,术：现代主要用于表示技艺方法；学术；方术；白术读音。常见用法如：技术、艺术、学术、手术、白术。,技术|艺术|学术|手术|白术,draft,pending,pending,pending,needs_review,polyphonic|variant_or_traditional|history_pending,多音字：shu4、zhu2；需按义项和常用词复核读音排序。|含繁体/异体：術；需复核简繁对应、异体来源和义项是否完全合并。
460,反,U+53CD,反,,,fan3,又,4,《新华字典》,现代义项含义参考《新华字典》释义体系整理；当前为项目改写摘要，非逐字原文。,相反|翻转|反对|返回,反：现代主要用于表示相反；翻转；反对；返回。常见用法如：反对、反映、相反、反复、反正。,反对|反映|相反|反复|反正,draft,pending,pending,pending,none,history_pending,
461,例,U+4F8B,例,,,li4,亻,8,《新华字典》,现代义项含义参考《新华字典》释义体系整理；当前为项目改写摘要，非逐字原文。,例子|惯例|按例,例：现代主要用于表示例子；惯例；按例。常见用法如：例如、例子、比例、条例、例外。,例如|例子|比例|条例|例外,draft,pending,pending,pending,none,history_pending,
462,质,U+8D28,質,U+8CEA,質:U+8CEA,zhi4,贝,8,《新华字典》,现代义项含义参考《新华字典》释义体系整理；当前为项目改写摘要，非逐字原文。,本体本性|质量|质问|抵押,质：现代主要用于表示本体本性；质量；质问；抵押。常见用法如：质量、性质、物质、素质、质疑。,质量|性质|物质|素质|质疑,draft,pending,pending,pending,needs_review,variant_or_traditional|history_pending,含繁体/异体：質；需复核简繁对应、异体来源和义项是否完全合并。
463,量,U+91CF,量,,,liang4|liang2,里,12,《新华字典》,现代义项含义参考《新华字典》释义体系整理；当前为项目改写摘要，非逐字原文。,多少的数值|估计|测量|器量,量：现代主要用于表示多少的数值；估计；测量；器量。常见用法如：质量、数量、力量、测量、大量。,质量|数量|力量|测量|大量,draft,pending,pending,pending,needs_review,polyphonic|history_pending,多音字：liang4、liang2；需按义项和常用词复核读音排序。
464,服,U+670D,服,,,fu2|fu4,月,8,《新华字典》,现代义项含义参考《新华字典》释义体系整理；当前为项目改写摘要，非逐字原文。,衣服|服从|佩服|服药|量词读音,服：现代主要用于表示衣服；服从；佩服；服药；量词读音。常见用法如：服务、衣服、服从、舒服、服药。,服务|衣服|服从|舒服|服药,draft,pending,pending,pending,needs_review,polyphonic|history_pending,多音字：fu2、fu4；需按义项和常用词复核读音排序。
465,务,U+52A1,務,U+52D9,務:U+52D9,wu4,力,5,《新华字典》,现代义项含义参考《新华字典》释义体系整理；当前为项目改写摘要，非逐字原文。,事情|从事|追求|必须,务：现代主要用于表示事情；从事；追求；必须。常见用法如：服务、任务、业务、务必、事务。,服务|任务|业务|务必|事务,draft,pending,pending,pending,needs_review,variant_or_traditional|history_pending,含繁体/异体：務；需复核简繁对应、异体来源和义项是否完全合并。
466,传,U+4F20,傳,U+50B3,傳:U+50B3,chuan2|zhuan4,亻,6,《新华字典》,现代义项含义参考《新华字典》释义体系整理；当前为项目改写摘要，非逐字原文。,传递|流传|传授|传记读音,传：现代主要用于表示传递；流传；传授；传记读音。常见用法如：传统、宣传、传说、传递、传记。,传统|宣传|传说|传递|传记,draft,pending,pending,pending,needs_review,polyphonic|variant_or_traditional|history_pending,多音字：chuan2、zhuan4；需按义项和常用词复核读音排序。|含繁体/异体：傳；需复核简繁对应、异体来源和义项是否完全合并。
467,基,U+57FA,基,,,ji1,土,11,《新华字典》,现代义项含义参考《新华字典》释义体系整理；当前为项目改写摘要，非逐字原文。,基础|起头的|化学中基本成分,基：现代主要用于表示基础；起头的；化学中基本成分。常见用法如：基础、基地、基本、基层、基金。,基础|基地|基本|基层|基金,draft,pending,pending,pending,none,history_pending,
468,础,U+7840,礎,U+790E,礎:U+790E,chu3,石,10,《新华字典》,现代义项含义参考《新华字典》释义体系整理；当前为项目改写摘要，非逐字原文。,垫在柱下的石头|基础,础：现代主要用于表示垫在柱下的石头；基础。常见用法如：基础、础石、经济基础、基础课、基石。,基础|础石|经济基础|基础课|基石,draft,pending,pending,pending,needs_review,variant_or_traditional|history_pending,含繁体/异体：礎；需复核简繁对应、异体来源和义项是否完全合并。
469,影,U+5F71,影,,,ying3,彡,15,《新华字典》,现代义项含义参考《新华字典》释义体系整理；当前为项目改写摘要，非逐字原文。,影子|影像|电影|影响相关,影：现代主要用于表示影子；影像；电影；影响相关。常见用法如：影响、电影、影子、摄影、身影。,影响|电影|影子|摄影|身影,draft,pending,pending,pending,none,history_pending,
470,响,U+54CD,響,U+97FF,響:U+97FF,xiang3,口,9,《新华字典》,现代义项含义参考《新华字典》释义体系整理；当前为项目改写摘要，非逐字原文。,声音回声|发出声音|影响,响：现代主要用于表示声音回声；发出声音；影响。常见用法如：影响、响声、音响、响应、响亮。,影响|响声|音响|响应|响亮,draft,pending,pending,pending,needs_review,variant_or_traditional|history_pending,含繁体/异体：響；需复核简繁对应、异体来源和义项是否完全合并。
471,处,U+5904,處,U+8655,處:U+8655,chu4|chu3,夂,5,《新华字典》,现代义项含义参考《新华字典》释义体系整理；当前为项目改写摘要，非逐字原文。,地方|机关部门|相处|处理,处：现代主要用于表示地方；机关部门；相处；处理。常见用法如：地方、处处、处理、相处、处长。,地方|处处|处理|相处|处长,draft,pending,pending,pending,needs_review,polyphonic|variant_or_traditional|history_pending,多音字：chu4、chu3；需按义项和常用词复核读音排序。|含繁体/异体：處；需复核简繁对应、异体来源和义项是否完全合并。
472,选,U+9009,選,U+9078,選:U+9078,xuan3,辶,9,《新华字典》,现代义项含义参考《新华字典》释义体系整理；当前为项目改写摘要，非逐字原文。,挑选|选举|选辑,选：现代主要用于表示挑选；选举；选辑。常见用法如：选择、选手、选举、挑选、入选。,选择|选手|选举|挑选|入选,draft,pending,pending,pending,needs_review,variant_or_traditional|history_pending,含繁体/异体：選；需复核简繁对应、异体来源和义项是否完全合并。
473,择,U+62E9,擇,U+64C7,擇:U+64C7,ze2|zhai2,扌,8,《新华字典》,现代义项含义参考《新华字典》释义体系整理；当前为项目改写摘要，非逐字原文。,挑选|选择|择菜读音,择：现代主要用于表示挑选；选择；择菜读音。常见用法如：选择、择业、抉择、择日、择菜。,选择|择业|抉择|择日|择菜,draft,pending,pending,pending,needs_review,polyphonic|variant_or_traditional|history_pending,多音字：ze2、zhai2；需按义项和常用词复核读音排序。|含繁体/异体：擇；需复核简繁对应、异体来源和义项是否完全合并。
474,友,U+53CB,友,,,you3,又,4,《新华字典》,现代义项含义参考《新华字典》释义体系整理；当前为项目改写摘要，非逐字原文。,朋友|友好|相亲相爱,友：现代主要用于表示朋友；友好；相亲相爱。常见用法如：朋友、友好、友情、友谊、校友。,朋友|友好|友情|友谊|校友,draft,pending,pending,pending,none,history_pending,
475,朋,U+670B,朋,,,peng2,月,8,《新华字典》,现代义项含义参考《新华字典》释义体系整理；当前为项目改写摘要，非逐字原文。,朋友|结党或同类,朋：现代主要用于表示朋友；结党或同类。常见用法如：朋友、亲朋、宾朋、朋党、朋辈。,朋友|亲朋|宾朋|朋党|朋辈,draft,pending,pending,pending,none,history_pending,
476,组,U+7EC4,組,U+7D44,組:U+7D44,zu3,纟,8,《新华字典》,现代义项含义参考《新华字典》释义体系整理；当前为项目改写摘要，非逐字原文。,组织|组合|小单位|量词,组：现代主要用于表示组织；组合；小单位；量词。常见用法如：组织、小组、组成、组合、组长。,组织|小组|组成|组合|组长,draft,pending,pending,pending,needs_review,variant_or_traditional|history_pending,含繁体/异体：組；需复核简繁对应、异体来源和义项是否完全合并。
477,织,U+7EC7,織,U+7E54,織:U+7E54,zhi1|zhi4,纟,8,《新华字典》,现代义项含义参考《新华字典》释义体系整理；当前为项目改写摘要，非逐字原文。,用丝线等编成布帛|组织|旗帜相关古读,织：现代主要用于表示用丝线等编成布帛；组织；旗帜相关古读。常见用法如：组织、纺织、织布、交织、织物。,组织|纺织|织布|交织|织物,draft,pending,pending,pending,needs_review,polyphonic|variant_or_traditional|history_pending,多音字：zhi1、zhi4；需按义项和常用词复核读音排序。|含繁体/异体：織；需复核简繁对应、异体来源和义项是否完全合并。
478,造,U+9020,造,,,zao4,辶,10,《新华字典》,现代义项含义参考《新华字典》释义体系整理；当前为项目改写摘要，非逐字原文。,制造|建设|编造|到达或成就,造：现代主要用于表示制造；建设；编造；到达或成就。常见用法如：制造、创造、建造、造句、造就。,制造|创造|建造|造句|造就,draft,pending,pending,pending,none,history_pending,
479,广,U+5E7F,廣,U+5EE3,廣:U+5EE3,guang3|an1,广,3,《新华字典》,现代义项含义参考《新华字典》释义体系整理；当前为项目改写摘要，非逐字原文。,宽大|扩大|多|广泛|庵相关古读,广：现代主要用于表示宽大；扩大；多；广泛；庵相关古读。常见用法如：广大、广告、广场、广泛、推广。,广大|广告|广场|广泛|推广,draft,pending,pending,pending,needs_review,polyphonic|variant_or_traditional|history_pending,多音字：guang3、an1；需按义项和常用词复核读音排序。|含繁体/异体：廣；需复核简繁对应、异体来源和义项是否完全合并。
480,告,U+544A,告,,,gao4,口,7,《新华字典》,现代义项含义参考《新华字典》释义体系整理；当前为项目改写摘要，非逐字原文。,告诉|声明|请求|通知,告：现代主要用于表示告诉；声明；请求；通知。常见用法如：告诉、广告、报告、公告、告别。,告诉|广告|报告|公告|告别,draft,pending,pending,pending,none,history_pending,
481,牌,U+724C,牌,,,pai2,片,12,《新华字典》,现代义项含义参考《新华字典》释义体系整理；当前为项目改写摘要，非逐字原文。,牌子|凭证|娱乐用具|品牌,牌：现代主要用于表示牌子；凭证；娱乐用具；品牌。常见用法如：品牌、牌子、招牌、纸牌、车牌。,品牌|牌子|招牌|纸牌|车牌,draft,pending,pending,pending,none,history_pending,
482,店,U+5E97,店,,,dian4,广,8,《新华字典》,现代义项含义参考《新华字典》释义体系整理；当前为项目改写摘要，非逐字原文。,商店|旅舍|铺面,店：现代主要用于表示商店；旅舍；铺面。常见用法如：商店、饭店、店铺、酒店、书店。,商店|饭店|店铺|酒店|书店,draft,pending,pending,pending,none,history_pending,
483,客,U+5BA2,客,,,ke4,宀,9,《新华字典》,现代义项含义参考《新华字典》释义体系整理；当前为项目改写摘要，非逐字原文。,客人|旅居他乡的人|顾客|客观,客：现代主要用于表示客人；旅居他乡的人；顾客；客观。常见用法如：客人、客户、顾客、客观、请客。,客人|客户|顾客|客观|请客,draft,pending,pending,pending,none,history_pending,
484,价,U+4EF7,價,U+50F9,價:U+50F9,jia4|jie4,亻,6,《新华字典》,现代义项含义参考《新华字典》释义体系整理；当前为项目改写摘要，非逐字原文。,价格|价值|化合价|介绍人古义读音,价：现代主要用于表示价格；价值；化合价；介绍人古义读音。常见用法如：价格、价值、评价、代价、价钱。,价格|价值|评价|代价|价钱,draft,pending,pending,pending,needs_review,polyphonic|variant_or_traditional|history_pending,多音字：jia4、jie4；需按义项和常用词复核读音排序。|含繁体/异体：價；需复核简繁对应、异体来源和义项是否完全合并。
485,钱,U+94B1,錢,U+9322,錢:U+9322,qian2,钅,10,《新华字典》,现代义项含义参考《新华字典》释义体系整理；当前为项目改写摘要，非逐字原文。,货币|费用|钱财|姓氏,钱：现代主要用于表示货币；费用；钱财；姓氏。常见用法如：金钱、价钱、花钱、钱包、钱币。,金钱|价钱|花钱|钱包|钱币,draft,pending,pending,pending,needs_review,variant_or_traditional|history_pending,含繁体/异体：錢；需复核简繁对应、异体来源和义项是否完全合并。
486,费,U+8D39,費,U+8CBB,費:U+8CBB,fei4,贝,9,《新华字典》,现代义项含义参考《新华字典》释义体系整理；当前为项目改写摘要，非逐字原文。,花费|费用|消耗|姓氏,费：现代主要用于表示花费；费用；消耗；姓氏。常见用法如：费用、免费、消费、学费、浪费。,费用|免费|消费|学费|浪费,draft,pending,pending,pending,needs_review,variant_or_traditional|history_pending,含繁体/异体：費；需复核简繁对应、异体来源和义项是否完全合并。
487,银,U+94F6,銀,U+9280,銀:U+9280,yin2,钅,11,《新华字典》,现代义项含义参考《新华字典》释义体系整理；当前为项目改写摘要，非逐字原文。,金属银|银色|钱财或银行相关,银：现代主要用于表示金属银；银色；钱财或银行相关。常见用法如：银行、银子、银色、银河、白银。,银行|银子|银色|银河|白银,draft,pending,pending,pending,needs_review,variant_or_traditional|history_pending,含繁体/异体：銀；需复核简繁对应、异体来源和义项是否完全合并。
488,医,U+533B,醫,U+91AB,醫:U+91AB,yi1,匚,7,《新华字典》,现代义项含义参考《新华字典》释义体系整理；当前为项目改写摘要，非逐字原文。,医生|医治|医学,医：现代主要用于表示医生；医治；医学。常见用法如：医生、医院、医学、医药、医疗。,医生|医院|医学|医药|医疗,draft,pending,pending,pending,needs_review,variant_or_traditional|history_pending,含繁体/异体：醫；需复核简繁对应、异体来源和义项是否完全合并。
489,病,U+75C5,病,,,bing4,疒,10,《新华字典》,现代义项含义参考《新华字典》释义体系整理；当前为项目改写摘要，非逐字原文。,疾病|缺点|损害|忧虑,病：现代主要用于表示疾病；缺点；损害；忧虑。常见用法如：生病、疾病、病人、毛病、病院。,生病|疾病|病人|毛病|病院,draft,pending,pending,pending,none,history_pending,
490,院,U+9662,院,,,yuan4,阝,9,《新华字典》,现代义项含义参考《新华字典》释义体系整理；当前为项目改写摘要，非逐字原文。,院子|机关或公共场所名称|学院,院：现代主要用于表示院子；机关或公共场所名称；学院。常见用法如：医院、学院、法院、院子、院长。,医院|学院|法院|院子|院长,draft,pending,pending,pending,none,history_pending,
491,药,U+836F,藥,U+85E5,藥:U+85E5,yao4,艹,9,《新华字典》,现代义项含义参考《新华字典》释义体系整理；当前为项目改写摘要，非逐字原文。,药物|用药治疗|化学药剂,药：现代主要用于表示药物；用药治疗；化学药剂。常见用法如：医药、药品、药物、吃药、中药。,医药|药品|药物|吃药|中药,draft,pending,pending,pending,needs_review,variant_or_traditional|history_pending,含繁体/异体：藥；需复核简繁对应、异体来源和义项是否完全合并。
492,试,U+8BD5,試,U+8A66,試:U+8A66,shi4,讠,8,《新华字典》,现代义项含义参考《新华字典》释义体系整理；当前为项目改写摘要，非逐字原文。,尝试|考试|试验,试：现代主要用于表示尝试；考试；试验。常见用法如：考试、试验、尝试、试题、试用。,考试|试验|尝试|试题|试用,draft,pending,pending,pending,needs_review,variant_or_traditional|history_pending,含繁体/异体：試；需复核简繁对应、异体来源和义项是否完全合并。
493,验,U+9A8C,驗,U+9A57,驗:U+9A57,yan4,马,10,《新华字典》,现代义项含义参考《新华字典》释义体系整理；当前为项目改写摘要，非逐字原文。,检验|证实|经验,验：现代主要用于表示检验；证实；经验。常见用法如：经验、试验、检验、验证、体验。,经验|试验|检验|验证|体验,draft,pending,pending,pending,needs_review,variant_or_traditional|history_pending,含繁体/异体：驗；需复核简繁对应、异体来源和义项是否完全合并。
494,科,U+79D1,科,,,ke1,禾,9,《新华字典》,现代义项含义参考《新华字典》释义体系整理；当前为项目改写摘要，非逐字原文。,学科|类别|机关单位|法律条文或判定,科：现代主要用于表示学科；类别；机关单位；法律条文或判定。常见用法如：科学、科技、学科、科目、外科。,科学|科技|学科|科目|外科,draft,pending,pending,pending,none,history_pending,
495,技,U+6280,技,,,ji4,扌,7,《新华字典》,现代义项含义参考《新华字典》释义体系整理；当前为项目改写摘要，非逐字原文。,技能|技术|本领,技：现代主要用于表示技能；技术；本领。常见用法如：技术、科技、技能、技巧、技艺。,技术|科技|技能|技巧|技艺,draft,pending,pending,pending,none,history_pending,
496,项,U+9879,項,U+9805,項:U+9805,xiang4,页,9,《新华字典》,现代义项含义参考《新华字典》释义体系整理；当前为项目改写摘要，非逐字原文。,脖子后部|项目|量词|款项,项：现代主要用于表示脖子后部；项目；量词；款项。常见用法如：项目、事项、款项、项链、强项。,项目|事项|款项|项链|强项,draft,pending,pending,pending,needs_review,variant_or_traditional|history_pending,含繁体/异体：項；需复核简繁对应、异体来源和义项是否完全合并。
497,标,U+6807,標,U+6A19,標:U+6A19,biao1,木,9,《新华字典》,现代义项含义参考《新华字典》释义体系整理；当前为项目改写摘要，非逐字原文。,标志|标准|标明|枝梢或表面,标：现代主要用于表示标志；标准；标明；枝梢或表面。常见用法如：目标、标准、标志、标题、标明。,目标|标准|标志|标题|标明,draft,pending,pending,pending,needs_review,variant_or_traditional|history_pending,含繁体/异体：標；需复核简繁对应、异体来源和义项是否完全合并。
498,速,U+901F,速,,,su4,辶,10,《新华字典》,现代义项含义参考《新华字典》释义体系整理；当前为项目改写摘要，非逐字原文。,快|速度|邀请古义,速：现代主要用于表示快；速度；邀请古义。常见用法如：速度、迅速、快速、加速、速成。,速度|迅速|快速|加速|速成,draft,pending,pending,pending,none,history_pending,
499,度,U+5EA6,度,,,du4|duo2,广,9,《新华字典》,现代义项含义参考《新华字典》释义体系整理；当前为项目改写摘要，非逐字原文。,计量长短或温度等单位|程度|制度|推测读音,度：现代主要用于表示计量长短或温度等单位；程度；制度；推测读音。常见用法如：速度、程度、温度、制度、度量。,速度|程度|温度|制度|度量,draft,pending,pending,pending,needs_review,polyphonic|history_pending,多音字：du4、duo2；需按义项和常用词复核读音排序。
500,推,U+63A8,推,,,tui1,扌,11,《新华字典》,现代义项含义参考《新华字典》释义体系整理；当前为项目改写摘要，非逐字原文。,用力使物移动|推广|推测|推辞,推：现代主要用于表示用力使物移动；推广；推测；推辞。常见用法如：推动、推广、推荐、推理、推迟。,推动|推广|推荐|推理|推迟,draft,pending,pending,pending,none,history_pending,
